template,so_bai,nhan_dien_la_infobox
Tham khảo,462,
Thông tin trường học,267,có
Webarchive,129,
Chú thích trong bài,127,
Other,111,
Thông tin đơn vị hành chính Việt Nam,97,có
Commonscat,69,
Chính,63,
Tỉnh cũ Việt Nam,59,
Sơ khai Giáo dục,57,
Lịch sử dân số,51,
Langx,47,
Main,47,
Nhiều vấn đề,42,
Infobox,38,có
Đơn vị hành chính cấp tỉnh Việt Nam,33,
Đại học trọng điểm Việt Nam,30,
Tổ chức dịch vụ giáo dục,29,
Dablink,27,
Xem thêm,26,
Kiểm soát tính nhất quán,24,
Sơ khai,23,
Notelist,22,
Đại học Quốc gia Hà Nội,21,
Liên kết hỏng,21,
Wiki hóa,19,
Trường quân sự Việt Nam,19,
Weather box,19,
Thiếu nguồn gốc,18,
Bệnh viện - Trường học,17,
Bộ Quốc phòng Việt Nam,17,
Thông tin đơn vị quân sự Việt Nam,17,có
Flagicon,17,
Bài cùng tên,16,
Sơ khai giáo dục,16,
Efn,15,
TĐBKVN,14,
S-aft,13,
S-bef,13,
S-end,13,
S-start,13,
S-ttl,13,
Địa phương lân cận,12,
Otheruses4,12,
Cquote,11,
"Cơ sở đào tạo, nghiên cứu, xuất bản trực thuộc Bộ Y tế",11,
Trang web chính thức,11,
Div col,11,
Div col end,11,
Bài chi tiết,11,
Historical populations,10,
"Cơ sở giáo dục đại học, giáo dục nghề nghiệp tại Cần Thơ",10,
Đại học Quốc gia Thành phố Hồ Chí Minh,10,
Đại học Huế,10,
Tổ chức dịch vụ giáo dục tại Việt Nam,10,
Fact,10,
Sơ khai Huế,9,
Đại học Việt Nam,9,
Sơ khai Thành phố Hồ Chí Minh,9,
Đại học Đà Nẵng,9,
Thông tin đơn vị công an nhân dân Việt Nam,8,có
Official website,8,
Wikify,8,
Sơ khai đại học Việt Nam,8,
Sơ khai Hà Nội,8,
Chú thích sách,8,
Biểu tượng lá cờ,8,
Bộ Công an Việt Nam,7,
Sơ khai Việt Nam,7,
Cần dẫn nguồn,7,
Coord,7,
Đại học Thái Nguyên,7,
Thành phố Việt Nam,7,
Đoạn thiếu nguồn gốc,7,
Multicol,7,
Multicol-break,7,
Multicol-end,7,
Cần biên tập,6,
Wikispecies-inline,6,
Expand,6,
Sơ khai Lâm Đồng,6,
Sơ khai hành chính Việt Nam,6,
Wikivoyage,6,
Du lịch Việt Nam,6,
Sơ khai Đồng Nai,5,
"Cơ sở giáo dục đại học, giáo dục nghề nghiệp tại Vĩnh Long",5,
Multiple image,5,
Unreferenced,5,
Sơ khai An Giang,5,
Sơ khai Đà Nẵng,5,
Sơ khai Vĩnh Long,5,
Website chính thức,5,
Phân biệt,5,
Sfn,5,
Thanh chủ đề,5,
Wiktionary,5,
"Tổng cục Chính trị, Công an nhân dân Việt Nam",4,
QH,4,
S-new,4,
Sơ khai Hải Phòng,4,
Thông tin nhân vật,4,có
Cuối hộp,4,
Thứ tự kế vị,4,
Đầu hộp,4,
Col-begin,4,
Col-end,4,
Sơ khai Tây Ninh,4,
Otheruses,4,
Du lịch Xứ Đoài,4,
Britannica,4,
Lang,4,
Khóa-di chuyển-vô hạn,4,
Sơ khai Quảng Ninh,4,
Infobox military unit,3,có
Cơ sở giáo dục đại học trực thuộc Ủy ban nhân dân Thành phố Hồ Chí Minh,3,
Sơ khai Khánh Hòa,3,
Tránh nhầm,3,
Không nguồn,3,
Trường chuyên Việt Nam,3,
Facebook,3,
Thông tin tổ chức,3,có
Sơ khai Quảng Trị,3,
Thời gian sống,3,
Sơ khai Đồng Tháp,3,
S-inc,3,
Du lịch Lâm Đồng,3,
Bệnh viện Đại học,3,
Sơ khai Gia Lai,3,
Vùng đô thị Thành phố Hồ Chí Minh,3,
Chủ đề,3,
Cần chú thích,3,
Ký hiệu đường Việt Nam,3,
Các chủ đề,3,
Sơ khai Bắc Ninh,3,
Pp,3,
Pie chart,3,
AUN,3,
Bộ Tài nguyên và Môi trường,2,
DEFAULTSORT:Giao thông vận tải,2,
Thể loại Commons,2,
Hộp trích dẫn,2,
"Trường Đại học Y Dược, Đại học Quốc gia Hà Nội",2,
Danh sách đơn vị hành chính tại Việt Nam,2,
Đại học Kinh tế Thành phố Hồ Chí Minh,2,
Thông tin bệnh viện,2,có
Thông tin viên chức,2,có
Giám đốc Đại học Quốc gia Thành phố Hồ Chí Minh,2,
Người Việt Nam là viện sĩ Viện Hàn lâm Khoa học Thế giới,2,
DEFAULTSORT:Truong Dai hoc Van Lang,2,
Tree list,2,
Tree list/end,2,
Sơ khai Tuyên Quang,2,
Danh sách ghi chú,2,
Nhiều hình,2,
Sơ khai Ninh Bình,2,
Columns-list,2,
Quảng cáo,2,
"Formatnum:{{#expr:floor({{formatnum:1.178.550|R}}/{{formatnum:4.947,11|R}})}}",2,
Huế,2,
Sơ khai TPHCM,2,
Sơ khai Quảng Ngãi,2,
Sơ khai Nghệ An,2,
Cite book,2,
Clear,2,
Khu đô thị đông dân nhất thế giới,2,
Osmrelation-inline,2,
Pp-vandalism,2,
Rp,2,
Chi tiết,2,
Commonscat-inline,2,
Hà Nội,2,
Khi nào,2,
Other uses,2,
Wikiquote,2,
Wikisource,2,
Chú thích trong đoạn,2,
Climate chart,2,
Quote,2,
Banner đường Việt Nam,2,
Portal,2,
Infobox university,2,có
Chú thích web,2,
BESETOHA,2,
Chính phủ Việt Nam,2,
Quote box,2,
S-break,2,
Authority control,2,
Col-break,2,
For,1,
Nihongo,1,
Formatnum:{{#expr:1030185/4324783*100round2}},1,
Formatnum:{{#expr:1058180/3764240*100round1}},1,
Formatnum:{{#expr:1879700/3764240*100round1}},1,
Formatnum:{{#expr:1884540/3764240*100round1}},1,
Formatnum:{{#expr:2706070/3764240*100round1}},1,
Formatnum:{{#expr:3294598/4324783*100round2}},1,
"Formatnum:{{#expr:floor({{formatnum:3.764.240|R}}/{{formatnum:11.114,71|R}})}}",1,
"Formatnum:{{#expr:floor({{formatnum:4.324.783|R}}/{{formatnum:11.114,71|R}})}}",1,
DEFAULTSORT:Fulbright Việt Nam,1,
DEFAULTSORT:Đại học Quốc gia Thành phố Hồ Chí Minh Ký túc xá,1,
