tu_khoa,so_bai,the_loai_khop_nhieu_nhat
Tỉnh,112,Tỉnh cũ Việt Nam (94); Tỉnh ven biển Việt Nam (15); Tỉnh của Việt Nam (2); Tỉnh biên giới Việt Nam (1); Tỉnh biên giới Việt Nam với Lào (1)
Huyện,0,
Xã,0,
Phường,0,
Trường đại học,305,Trường đại học và cao đẳng tại Hà Nội (100); Trường đại học và cao đẳng tại Thành phố Hồ Chí Minh (70); Trường đại học và cao đẳng tại Huế (19); Trường đại học và cao đẳng tại Đà Nẵng (16); Trường đại học ứng dụng và thực hành (14)
Học viện,33,Học viện Việt Nam (12); Học viện quân sự Việt Nam (5); Học viện Chính trị Quốc gia Hồ Chí Minh (3); Học viện Hành chính Quốc gia (2); Học viện An ninh nhân dân (1)
Chùa,0,
Đình,0,
Đền,0,
Miếu,0,
Di tích,0,
