template,so_bai,ty_le_tren_bai_co_infobox,bai_vi_du
Thông tin trường học,267,59.73%,Học viện Phụ nữ Việt Nam
Thông tin đơn vị hành chính Việt Nam,97,21.70%,Thanh Hóa
Infobox,37,8.28%,Sa Đéc (tỉnh)
Thông tin đơn vị quân sự Việt Nam,17,3.80%,Học viện Khoa học Quân sự
Thông tin đơn vị công an nhân dân Việt Nam,8,1.79%,Học viện Chính trị Công an nhân dân (Việt Nam)
Thông tin nhân vật,4,0.89%,Lê Văn Lân
Infobox military unit,3,0.67%,Học viện Kỹ thuật và Công nghệ An ninh
Thông tin tổ chức,3,0.67%,"Viện Công nghệ Thông tin, Đại học Quốc gia Hà Nội"
Thông tin bệnh viện,2,0.45%,"Bệnh viện Đại học Y Dược, Đại học Quốc gia Hà Nội"
Thông tin viên chức,2,0.45%,Nguyễn Bá Cảnh
Infobox university,2,0.45%,Trường Đại học Mỹ thuật Việt Nam
Thông tin trường đại học,1,0.22%,Trường Đại học VinUni
Infobox Organization,1,0.22%,Viện Hồ Chí Minh và các lãnh tụ của Đảng
Infobox Former Subdivision,1,0.22%,Vĩnh Linh (đặc khu)
Infobox cơ quan Việt Nam,1,0.22%,Vĩnh Linh (đặc khu)
Hộp thông tin,1,0.22%,Vũng Tàu – Côn Đảo
Infobox subdivision type,1,0.22%,Tỉnh (Việt Nam Cộng hòa)
Infobox giáo dục trong nước,1,0.22%,Đồng Tháp
