template,tham_so,so_bai,ty_le_trong_template,gia_tri_vi_du
Thông tin trường học,địa chỉ,262,98%,"68 đường Nguyễn Chí Thanh, phường Láng"
Thông tin trường học,tên,260,97%,Học viện Phụ nữ Việt Nam
Thông tin trường học,web,259,97%,[http://hvpnvn.edu.vn hvpnvn.edu.vn] <ref>{{Chú thích web |url=http://hvpnvn.edu
Thông tin trường học,loại hình,258,97%,Đại học công lập
Thông tin trường học,ngày thành lập,257,96%,{{start date and age|1960|3|8}}
Thông tin trường học,điện thoại,253,95%,024.37751750
Thông tin trường học,logo,250,94%,HUNRE Logo.png
Thông tin trường học,quốc gia,239,90%,[[Việt Nam]]
Thông tin trường học,hiệu trưởng,235,88%,PGS.TS Lê Viết Báu
Thông tin trường học,thành phố,222,83%,[[Hà Nội]]
Thông tin trường học,khẩu hiệu,219,82%,Đoàn kết - Sáng tạo - Chất lượng - Hiệu quả
Thông tin trường học,hình,209,78%,[[Tập tin:Hunre green.jpg]]
Thông tin trường học,tên khác,203,76%,"<!-- XIN ĐỪNG SỬA ĐỔI, TÊN GỌI CŨ KHÁC VỚI TÊN GỌI KHÁC. --> Vietnam Women's Aca"
Thông tin trường học,khuôn viên,199,75%,68.858 m²
Thông tin trường học,tọa độ,192,72%,"<!-- {{Coord|vĩ|kinh|display=inline,title}} -->"
Thông tin trường học,tỉnh,182,68%,thành phố [[Cần Thơ]]
Thông tin trường học,nhân viên,173,65%,"63<ref name=""BC2025""/>"
Thông tin trường học,tên bản địa,170,64%,CTUT
Thông tin trường học,tài trợ,169,63%,"Tập đoàn DMVN, Hiệp hội DMVN và các DN dệt may"
Thông tin trường học,hiệu phó,168,63%,"TS. Đoàn Văn Lưu
ThS. Hoàng Thị Thoa
ThS. Lâm Thị Hương"
Thông tin trường học,tên tiếng anh,136,51%,''Hanoi University of Natural Resources and Environment''
Thông tin trường học,email,131,49%,vwa@vwa.edu.vn
Thông tin trường học,sinh viên đại học,118,44%,~ 15000 người
Thông tin trường học,thành viên của,94,35%,[[Bộ Tài nguyên và Môi trường (Việt Nam)|Bộ Tài nguyên và Môi trường]]
Thông tin trường học,viết tắt,93,35%,{{Màu chữ|green|''HUNRE''}}
Thông tin trường học,sinh viên,87,33%,6000
Thông tin trường học,giám đốc,83,31%,[[PGS.TS]] Trần Quang Tiến
Thông tin trường học,giảng viên,81,30%,~ 551 người (giảng viên cơ hữu)
Thông tin trường học,phó hiệu trưởng,75,28%,TS Nguyễn Văn Lâm
Thông tin trường học,mã trường,66,25%,{{Màu chữ|green|''DMT''}}
Thông tin trường học,bài hát,57,21%,Trường Cao Đẳng Hòa Bình Xuân Lộc - Mai Nguyên Vũ
Thông tin trường học,tên cũ,56,21%,Truờng Đại Học Sư phạm Kỹ thuật Vĩnh Long<br>([[2013]]–[[2026]])
Thông tin trường học,nghiên cứu sinh,55,21%,58
Thông tin trường học,sinh viên sau đại học,54,20%,Khoảng 5000 sinh viên
Thông tin trường học,màu,53,20%,Xanh lá {{Color box|#008000}}; Nâu {{Color box|#8B4513}}
Thông tin trường học,sinh viên chuyên nghiệp,50,19%,10.000
Thông tin trường học,nợ,48,18%,
Thông tin trường học,giáo viên,44,16%,260 cán bộ giảng viên tại trụ sở chính ở Hà Nội và Phân hiệu tại Tp Hồ Chí Minh
Thông tin trường học,xếp hạng,43,16%,"{{Thông tin xếp hạng đại học Việt Nam
 | con = có
 | bảng qg 1 = [[Webometrics]]"
Thông tin trường học,cựu sinh viên,41,15%,100.000
Thông tin trường học,học sinh,38,14%,">500 (năm học 2024–2025)<ref name=""nguoihanoi"" />"
Thông tin trường học,thành viên,35,13%,Bệnh viện Trường Đại học Y Dược Cần Thơ.
Thông tin trường học,thuộc tổ chức,33,12%,[[Đại học RMIT]]
Thông tin trường học,cỡ hình,30,11%,270px
Thông tin trường học,caption,30,11%,Cổng chính Ký túc xá Khu A
Thông tin trường học,tình trạng,29,11%,{{ font color | green | Đang hoạt động }}
Thông tin trường học,biệt danh,28,10%,"Y Quốc gia<ref>{{Chú thích web
|title=Bài đăng của Câu lạc bộ Tình nguyện Tâm UM"
Thông tin trường học,linh vật,27,10%,Voi vui vẻ
Thông tin trường học,hiệu trưởng danh dự,25,9%,[[Tô Huy Rứa]]
Thông tin trường học,phó giám đốc,24,9%,TS. Trần Xuân Biên (Phụ trách Phân hiệu) <br> TS. Lê Anh Trung
Thông tin trường học,hệ,23,9%,Công lập
Thông tin trường học,thể thao,21,8%,
Thông tin trường học,logo_size,20,7%,150px
Thông tin trường học,số cơ sở,16,6%,1 cơ sở
Thông tin trường học,tên latinh,15,6%,
Thông tin trường học,chủ tịch,15,6%,GS.TS. Huỳnh Thị Lan Hương <br> (Chủ tịch Hội đồng trường)
Thông tin trường học,sinh viên cao học,14,5%,~ 500 người
Thông tin trường học,sáng lập,13,5%,Trường Đại học Khoa học Sức khỏe được thành lâp theo Quyết định số 472/QĐ-TTg củ
Thông tin trường học,chủ tịch hội đồng trường,13,5%,[[Nhà giáo nhân dân|NGND]].[[Phó giáo sư|PGS]]. [[Tiến sĩ|TS]]. [[Nguyễn Quốc Ti
Thông tin trường học,ngân sách,12,4%,"22,17 tỷ đồng<ref name=quyettoan2017>{{Chú thích web |url=http://blu.edu.vn/file"
Thông tin trường học,liên kết,11,4%,https://www.facebook.com/hufa.edu.vn
Thông tin trường học,fax,11,4%,(08).38.973.921
Thông tin trường học,kiểu hệ,10,4%,Hệ
Thông tin trường học,ngày đóng cửa,9,3%,{{Ngày bắt đầu và tuổi/sandbox|2009|paren=yes}}
Thông tin trường học,school_board,8,3%,[[Tiến sĩ|TS.]] [[Luật sư|LS]] Nguyễn Tiến Dũng (Chủ tịch)
Thông tin trường học,established,7,3%,"* {{Ngày bắt đầu và tuổi/sandbox|1955|paren=yes}}
*'''Nâng cấp lên đại học''': {"
Thông tin trường học,ngôn ngữ,7,3%,[[Tiếng Việt]]
Thông tin trường học,số phòng học,7,3%,95
Thông tin trường học,bang,7,3%,
Thông tin trường học,thông tin thêm,7,3%,"Khoa Nông nghiệp - Tài nguyên thiên nhiên
Khoa Kỹ thuật - Công nghệ - Môi trường"
Thông tin trường học,bộ chủ quản,6,2%,<small>trực tiếp</small>Trung ương [[Hội Liên hiệp Phụ nữ Việt Nam]]
Thông tin trường học,quản lý,6,2%,
Thông tin trường học,du học sinh,6,2%,
Thông tin trường học,nghĩa,6,2%,Creating Opportunities Together
Thông tin trường học,image_alt,6,2%,"https://www.google.com/maps/place/Nh%C3%A0+h%C3%A0nh+ch%C3%ADnh+YA1,+Khoa+Y+-+%C"
Thông tin trường học,type,5,2%,[[Đại học công lập]] trọng điểm
Thông tin trường học,cỡ logo,5,2%,180px
Thông tin trường học,name,5,2%,Trường Đại học Quốc tế RMIT Việt Nam
Thông tin trường học,website,5,2%,[http://www.rmit.edu.vn rmit.edu.vn]
Thông tin trường học,kiểu thông tin thêm,5,2%,Giờ học
Thông tin trường học,tên gọi khác,5,2%,viết tắt: HDU
Thông tin trường học,chủ tịch hội đồng,5,2%,PGS. TS. Hà Trần Phương
Thông tin trường học,trực thuộc,5,2%,[[Đại học Quốc gia Hà Nội]]
Thông tin trường học,triết lý giáo dục,5,2%,Kiến tạo - Chuyên nghiệp - Hội nhập
Thông tin trường học,image,5,2%,Học_viện_Quốc_gia_Hành_chánh_năm_1966.jpg
Thông tin trường học,city,4,1%,[[Thành phố Hồ Chí Minh]]<br>[[Hà Nội]]
Thông tin trường học,tôn chỉ,4,1%,
Thông tin trường học,logo_alt,4,1%,Logo Trường Đại học Bách khoa Thành phố Hồ Chí Minh
Thông tin trường học,cán bộ phụ trách,4,1%,TS. Nguyễn Cao Luận - phó hiệu trưởng phụ trách
Thông tin trường học,kiểu trưởng,4,1%,Thành Viên Đại Học Quốc Gia Thành Phố Hồ Chí Minh (VNU-HCM)
Thông tin trường học,coordinates,4,1%,"{{coord|21.0403176|105.7814641|format=dms|display=inline,title}}"
Thông tin trường học,cơ quan chủ quản,4,1%,[[Bộ Công Thương (Việt Nam)|Bộ Công Thương]]
Thông tin trường học,cơ sở,4,1%,"938 [[Quang Trung]], phường [[Cẩm Thành]], tỉnh [[Quảng Ngãi]] ''(phân hiệu [[Qu"
Thông tin trường học,tổ chức,3,1%,[[Ủy ban nhân dân Thành phố Hồ Chí Minh]]
Thông tin trường học,tỉ lệ,3,1%,1:16
Thông tin trường học,country,3,1%,[[Việt Nam]] {{flagicon|Việt Nam}}
Thông tin trường học,vận động viên,3,1%,
Thông tin trường học,cùng hệ thống,3,1%,
Thông tin trường học,trưởng cơ sở,3,1%,PGS. TS. Nguyễn Xuân Minh (II)<br>TS. Nguyễn Bình Minh (QN)
Thông tin trường học,giới hạn tuổi,3,1%,18 - 25 (tuổi)
Thông tin trường học,giới hạn tuổi dưới,3,1%,18
Thông tin trường học,giới hạn tuổi trên,3,1%,25
Thông tin trường học,diện tích phòng học,3,1%,"120,6m²"
Thông tin trường học,giờ học,3,1%,7h - 21h
Thông tin trường học,hệ thống,3,1%,Công lập
Thông tin trường học,tiền thân,3,1%,"Khoa Y Dược, Đại học Quốc gia Hà Nội (2010)"
Thông tin trường học,ghi chú hình,3,1%,"Phối cảnh Đại học Bà Rịa – Vũng Tàu, phường Phước Thắng, Thành phố Hồ Chí Minh"
Thông tin trường học,chủ tịch hđqt,3,1%,TS. Lê Trường Tùng
Thông tin trường học,address,3,1%,"Số 373, phố [[Lý Bôn]], phường [[Trần Lãm (phường)|Trần Lãm]]"
Thông tin trường học,alumni,3,1%,40.000 (2025)
Thông tin trường học,president,2,1%,Peter Coloe
Thông tin trường học,footnotes,2,1%,
Thông tin trường học,giảng viên cơ hữu,2,1%,259
Thông tin trường học,sinh viên các hệ,2,1%,32000
Thông tin trường học,liên kết học thuật,2,1%,
Thông tin trường học,tôn giáo,2,1%,
Thông tin trường học,thánh bảo trợ,2,1%,
Thông tin trường học,số hiệu,2,1%,
Thông tin trường học,ủy quyền,2,1%,
Thông tin trường học,trưởng,2,1%,
Thông tin trường học,giám sát,2,1%,
Thông tin trường học,chuyên gia,2,1%,
Thông tin trường học,số lớp học,2,1%,
Thông tin trường học,tổng,2,1%,
Thông tin trường học,xã,2,1%,
Thông tin trường học,điện thoại / fax,2,1%,+84-275-3820103
Thông tin trường học,native_name,2,1%,
Thông tin trường học,facebook,2,1%,https://www.facebook.com/equesteducation/
Thông tin trường học,pushpin_map,2,1%,Hanoi
Thông tin trường học,sau đại học,2,1%,374 (2023)
Thông tin trường học,chú thích hình,2,1%,'''Trường Đại học Y Dược Thái Bình'''
Thông tin trường học,phó giáo sư,2,1%,218
Thông tin trường học,giá trị cốt lõi,2,1%,Tôn Trọng - Chính Trực - Hợp Tác
Thông tin trường học,motto,2,1%,Tri thức - Đạo đức - Sáng tạo
Thông tin trường học,acting_headteacher,2,1%,GS.TS Huỳnh Kỳ Phương Hạ
Thông tin trường học,năm thành lập,2,1%,1957 [https://hcmut.edu.vn/tong-quan]
Thông tin trường học,native_name_lang,1,0%,vie
Thông tin trường học,giám đốc học thuật,1,0%,Tiến sĩ Graeme Walker và Tiến sĩ Nguyễn Trung Hiếu
Thông tin trường học,image_name,1,0%,RMIT University Logo.svg
Thông tin trường học,image_size,1,0%,120px
Thông tin trường học,latin_name,1,0%,
Thông tin trường học,endowment,1,0%,
Thông tin trường học,chancellor,1,0%,Tiến sĩ [[Ziggy Switkowski]]
Thông tin trường học,vice-president,1,0%,
Thông tin trường học,vice_chancellor,1,0%,[[Martin G. Bean]]
Thông tin trường học,students,1,0%,
Thông tin trường học,undergrad,1,0%,
Thông tin trường học,postgrad,1,0%,
Thông tin trường học,province,1,0%,
Thông tin trường học,coor,1,0%,"{{coord|10|43|45|N|106|41|45|E|type:edu_region:VN|display=inline,title}}"
Thông tin trường học,former_names,1,0%,
Thông tin trường học,free_label,1,0%,
Thông tin trường học,free,1,0%,
Thông tin trường học,colours,1,0%,"[[đỏ]], [[xám]], [[trắng]]<br/>{{color box|#FF0000}} {{color box|#808080}} {{col"
Thông tin trường học,nickname,1,0%,
Thông tin trường học,affiliations,1,0%,"[[Association of Southeast Asian Institutions of Higher Learning|ASAIHL]], [[Aus"
Thông tin trường học,tọa độ địa lý,1,0%,"10°47'51.0""N 106°40'51.7""E"
Thông tin trường học,tốt nghiệp,1,0%,10.000
Thông tin trường học,imagewikilink,1,0%,
Thông tin trường học,chair_label,1,0%,Hiệu trưởng danh dự
Thông tin trường học,chair,1,0%,GS.TS.BS. Đặng Vạn Phước
Thông tin trường học,ảnh,1,0%,
Thông tin trường học,ceo,1,0%,TS. Nguyễn Quốc Toàn
Thông tin trường học,nhập học,1,0%,600 sinh viên / năm
Thông tin trường học,giám đốc phân hiệu,1,0%,PGS.TS. Bùi Quang Hùng
Thông tin trường học,thành lập,1,0%,"19 tháng 3, 2004 (trên cơ sở nâng cấp Trung tâm nghiên cứu Việt Nam và Giao lưu "
Thông tin trường học,chính uỷ,1,0%,
Thông tin trường học,chính ủy,1,0%,[[Đại tá Quân đội nhân dân Việt Nam|Đại tá]]
Thông tin trường học,head_label,1,0%,
Thông tin trường học,head,1,0%,
Thông tin trường học,other,1,0%,
Thông tin trường học,diễn đàn sinh viên,1,0%,
Thông tin trường học,hiệu phó 1,1,0%,PGS.TS. Nguyễn Văn Thưởng
Thông tin trường học,upgraded to university,1,0%,
Thông tin trường học,thể loại,1,0%,Công lập
Thông tin trường học,chủ tịch hđt,1,0%,Nguyễn Thị Hiên
Thông tin trường học,phó ht phụ trách,1,0%,
Thông tin trường học,phó chủ tịch hđqt,1,0%,TS.Nguyễn Thành Nam
Thông tin trường học,hình ảnh,1,0%,
Thông tin trường học,mail,1,0%,hcctct@tbump.edu.vn/
Thông tin trường học,diễn đàn,1,0%,
Thông tin trường học,tên_giao_dịch,1,0%,Hanoi Pedagogical University 2
Thông tin trường học,phường,1,0%,<nowiki>phường [Đạo Thạnh]]</nowiki>
Thông tin trường học,"chủ tịch hđt, bí thư đảng uỷ",1,0%,"Ông Nguyễn Anh Tuấn, Phó Chủ tịch Hội đồng quản trị của Vietjet"
Thông tin trường học,tên viết tắt,1,0%,ULSA
Thông tin trường học,"cổng thông tin tuyển sinh, đào tạo",1,0%,[http://hvqlgd.edu.vn hvqlgd.edu.vn]
Thông tin trường học,ngành đào tạo,1,0%,10
Thông tin trường học,khẩu hiệu tiếng anh,1,0%,Unity - Excellence - Leadership
Thông tin trường học,khoa/bộ môn trực thuộc,1,0%,9 Khoa chuyên môn
Thông tin trường học,lĩnh vực,1,0%,"Kinh tế, kinh doanh và luật"
Thông tin trường học,tên tiếng việt,1,0%,
Thông tin trường học,hiểu trưởng,1,0%,TS. [[Nguyễn Xuân Long]]
Thông tin trường học,phó chủ tịch,1,0%,Đoàn Xuân Viên
Thông tin trường học,closed,1,0%,{{start date and age|1975|4|30}}
Thông tin trường học,cơ quan quản lý,1,0%,Bộ Công Thương
Thông tin trường học,guốc gia,1,0%,
Thông tin trường học,telephone,1,0%,+84 0283 5445 7777
Thông tin trường học,fanpage,1,0%,https://www.facebook.com/hutechuniversity/
Thông tin trường học,năm trưởng thành,1,0%,[[2010]]
Thông tin trường học,bí thư đảng uỷ,1,0%,PGS.TS Trần Văn Đạt
Thông tin trường học,đơn vị đào tạo,1,0%,
Thông tin trường học,cán bộ,1,0%,5.459 cán bộ
Thông tin trường học,quyền hiệu trưởng,1,0%,Nguyễn Thành Nhân
Thông tin trường học,bí thư đảng ủy,1,0%,[[TS]]. Nguyễn Ngọc Hiền
Thông tin trường học,giáo sư,1,0%,18
Thông tin trường học,tiến sĩ,1,0%,758
Thông tin trường học,thạc sĩ,1,0%,1254
Thông tin trường học,"chuyên khoa i, ii",1,0%,27
Thông tin trường học,phó giám đốc học viện,1,0%,"TS. Nguyễn Đăng Quế<br>
PGS.TS. Lương Thanh Cường<br>
TS. Lại Đức Vượng<br>
PGS."
Thông tin trường học,bộ chỉ huy,1,0%,"số 77 đường [[Nguyễn Chí Thanh]], phường [[Láng Thượng]], quận [[Đống Đa]], thủ "
Thông tin trường học,số điện thoại,1,0%,(08) 372 52002
Thông tin trường học,kinh phí xây dựng,1,0%,412 tỷ [[VND]]
Thông tin trường học,status,1,0%,{{Tình trạng/đang hoạt động}}
Thông tin trường học,educational_authority,1,0%,[[Bộ Giáo dục và Đào tạo (Việt Nam)|Bộ Giáo dục và Đào tạo]]<ref>{{chú thích web
Thông tin trường học,former_name,1,0%,{{Unbulleted list|Trường Sĩ quan và Trung cấp nghiệp vụ Hàng không|Trường Kỹ thu
Thông tin trường học,school_code,1,0%,'''HHK'''<ref>{{chú thích web|url=https://baolamdong.vn/de-an-chi-tieu-tuyen-sin
Thông tin trường học,colors,1,0%,{{Color box|#b3995d}} Grayish Yellow Brown
Thông tin trường học,administrator,1,0%,[[Bộ Xây dựng (Việt Nam)|Bộ Xây dựng]]
Thông tin trường học,trụ sở trường (cs1),1,0%,"Phường [[Nông Trang]], [[Việt Trì (thành phố)|Việt Trì]], [[Phú Thọ]], [[Việt Na"
Thông tin trường học,trụ sở trường (cs2),1,0%,"Phường Hùng Vương, Thị xã Phú Thọ, Phú Thọ, Việt Nam"
Thông tin trường học,chairman,1,0%,"PGS, TS Lê Thị Thu Thủy"
Thông tin trường học,300 tên gọi khác,1,0%,"LAU,DLA"
Thông tin trường học,latitude,1,0%,15.96918396208671
Thông tin trường học,longitude,1,0%,108.24396193027496
Thông tin trường học,calendar,1,0%,Học kì
Thông tin đơn vị hành chính Việt Nam,tên,97,100%,Thanh Hóa
Thông tin đơn vị hành chính Việt Nam,thành lập,97,100%,1029
Thông tin đơn vị hành chính Việt Nam,vùng,96,99%,[[Bắc Trung Bộ]]
Thông tin đơn vị hành chính Việt Nam,phân chia hành chính,96,99%,"19 phường, 147 xã"
Thông tin đơn vị hành chính Việt Nam,diện tích,93,96%,"11.114,71 km²<ref name=TT/><ref name=""DT"">{{Chú thích web|url=https://dantri.com"
Thông tin đơn vị hành chính Việt Nam,dân số,92,95%,"4.320.947 người<ref name=TT/><ref name=""DT""/>"
Thông tin đơn vị hành chính Việt Nam,thời điểm dân số,92,95%,31/12/2025
Thông tin đơn vị hành chính Việt Nam,tỉnh lỵ,88,91%,Phường [[Hạc Thành]]
Thông tin đơn vị hành chính Việt Nam,mật độ dân số,87,90%,"{{formatnum:{{#expr:floor({{formatnum:4.324.783|R}}/{{formatnum:11.114,71|R}})}}"
Thông tin đơn vị hành chính Việt Nam,vĩ độ,81,84%,20.141049
Thông tin đơn vị hành chính Việt Nam,kinh độ,81,84%,105.309448
Thông tin đơn vị hành chính Việt Nam,biệt danh,72,74%,"*Vùng đất [[Lam Sơn]]
*Vùng đất vua chúa
*Vùng đất đế vương
*[[Thủ phủ]] [[nem c"
Thông tin đơn vị hành chính Việt Nam,biển số xe,71,73%,36
Thông tin đơn vị hành chính Việt Nam,dân tộc,69,71%,"[[Người Việt|Kinh]], [[Người Mường|Mường]], [[Người Thái|Thái]], [[Người Thổ (Vi"
Thông tin đơn vị hành chính Việt Nam,ghi chú hình,68,70%,Tượng vua [[Lê Thái Tổ]] ở Thanh Hóa
Thông tin đơn vị hành chính Việt Nam,logo,66,68%,Logo tỉnh Thanh Hóa.svg
Thông tin đơn vị hành chính Việt Nam,ghi chú logo,65,67%,Biểu trưng
Thông tin đơn vị hành chính Việt Nam,thời điểm kinh tế,65,67%,"2025<ref name=""vneconomy.vn"">{{Chú thích web|url=https://vneconomy.vn/thanh-hoa-"
Thông tin đơn vị hành chính Việt Nam,grdp,65,67%,"333.617 tỉ đồng (13.27 tỉ USD)<ref name=TT/><ref name=""DT""/><ref name=""vneconomy"
Thông tin đơn vị hành chính Việt Nam,mã địa lý,63,65%,[[ISO 3166-2:VN|VN-21]]
Thông tin đơn vị hành chính Việt Nam,mã hành chính,63,65%,38<ref>{{Chú thích web|url=https://datafiles.chinhphu.vn/cpp/files/vbpq/2025/7/1
Thông tin đơn vị hành chính Việt Nam,giải thể,63,65%,23 tháng 1 năm 1896
Thông tin đơn vị hành chính Việt Nam,mã bưu chính,62,64%,40xxx–42xxx
Thông tin đơn vị hành chính Việt Nam,mã điện thoại,62,64%,237
Thông tin đơn vị hành chính Việt Nam,tên cũ,59,61%,Thanh Hoa
Thông tin đơn vị hành chính Việt Nam,bí thư,59,61%,[[Lê Đức Thái]]
Thông tin đơn vị hành chính Việt Nam,chủ tịch ubnd,58,60%,[[Tô Anh Dũng (sinh năm 1978)|Tô Anh Dũng]]
Thông tin đơn vị hành chính Việt Nam,chủ tịch hđnd,57,59%,[[Nguyễn Hồng Phong (Phú Thọ)|Nguyễn Hồng Phong]]
Thông tin đơn vị hành chính Việt Nam,viện trưởng vksnd,57,59%,Nguyễn Tiến Dũng
Thông tin đơn vị hành chính Việt Nam,chủ tịch ubmttq,56,58%,Trịnh Tuấn Sinh
Thông tin đơn vị hành chính Việt Nam,chánh án tand,56,58%,Đỗ Thế Bình
Thông tin đơn vị hành chính Việt Nam,hình,53,55%,Le Loi statue.JPG
Thông tin đơn vị hành chính Việt Nam,hội đồng nhân dân,53,55%,85 đại biểu
Thông tin đơn vị hành chính Việt Nam,bản đồ 1,51,53%,{{maplink|frame=yes|plain=yes|type=shape|frame-width=280|frame-align=center|stro
Thông tin đơn vị hành chính Việt Nam,đại biểu quốc hội,47,48%,[[Danh sách Đại biểu Quốc hội Việt Nam khóa XVI#Thanh Hóa|17]]
Thông tin đơn vị hành chính Việt Nam,web,47,48%,{{url|thanhhoa.gov.vn}}
Thông tin đơn vị hành chính Việt Nam,nhiều hình,47,48%,"{{multiple image
| border = infobox
| total_width = 300
| caption_align = center"
Thông tin đơn vị hành chính Việt Nam,trụ sở ubnd,38,39%,"35, đại lộ Lê Lợi, phường [[Hạc Thành]]"
Thông tin đơn vị hành chính Việt Nam,grdp đầu người,34,35%,"77,13 triệu đồng (3.068 USD)<ref name=TT>{{Chú thích web|url=https://tuoitre.vn/"
Thông tin đơn vị hành chính Việt Nam,grdp bình quân đầu người,33,34%,"194,5 triệu đồng (7.742 USD) <ref name=TT/><ref name=""DT""/><ref name=""haiphong.g"
Thông tin đơn vị hành chính Việt Nam,tên khác,19,20%,Xứ Thanh
Thông tin đơn vị hành chính Việt Nam,tựa bản đồ 1,14,14%,Tỉnh Hà Tuyên trên bản đồ [[Việt Nam]] năm 1976 (đỏ)
Thông tin đơn vị hành chính Việt Nam,giấu bản đồ mặc định,12,12%,có
Thông tin đơn vị hành chính Việt Nam,loại đô thị,12,12%,[[Đô thị Việt Nam#Đô thị loại I|Loại I]]
Thông tin đơn vị hành chính Việt Nam,năm công nhận,10,10%,2003
Thông tin đơn vị hành chính Việt Nam,quận trung tâm,9,9%,Phường [[Thủy Nguyên (phường)|Thủy Nguyên]]
Thông tin đơn vị hành chính Việt Nam,dân số thành thị,9,9%,2.458.891 người ({{formatnum:{{percentage|{{formatnum:2.458.891|R}}|{{formatnum:
Thông tin đơn vị hành chính Việt Nam,dân số nông thôn,9,9%,1.530.732 người ({{formatnum:{{percentage|{{formatnum:1.530.732|R}}|{{formatnum:
Thông tin đơn vị hành chính Việt Nam,cỡ logo,6,6%,150px
Thông tin đơn vị hành chính Việt Nam,cỡ hình,3,3%,200px
Thông tin đơn vị hành chính Việt Nam,số điện thoại,2,2%,
Thông tin đơn vị hành chính Việt Nam,fax,2,2%,
Thông tin đơn vị hành chính Việt Nam,email,2,2%,
Thông tin đơn vị hành chính Việt Nam,hợp nhất,2,2%,12/6/2025
Thông tin đơn vị hành chính Việt Nam,danh sách đơn vị hành chính,2,2%,[[#Hành chính|Chi tiết]]
Thông tin đơn vị hành chính Việt Nam,hiệu kỳ,1,1%,Flag of laocai province.jpg
Thông tin đơn vị hành chính Việt Nam,border,1,1%,infobox
Thông tin đơn vị hành chính Việt Nam,total_width,1,1%,280
Thông tin đơn vị hành chính Việt Nam,image_style,1,1%,border:1;
Thông tin đơn vị hành chính Việt Nam,caption_align,1,1%,center
Thông tin đơn vị hành chính Việt Nam,perrow,1,1%,1/2/2
Thông tin đơn vị hành chính Việt Nam,image3,1,1%,Rach Gia 2018 Kenno.jpg
Thông tin đơn vị hành chính Việt Nam,caption3,1,1%,Đô thị [[Rạch Giá (phường)|Rạch Giá]]
Thông tin đơn vị hành chính Việt Nam,image2,1,1%,Một góc đô thị Long Xuyên.jpg
Thông tin đơn vị hành chính Việt Nam,caption2,1,1%,Đô thị [[Long Xuyên (phường)|Long Xuyên]]
Thông tin đơn vị hành chính Việt Nam,image1,1,1%,Núi ở An Giang.jpg
Thông tin đơn vị hành chính Việt Nam,caption1,1,1%,Khung cảnh [[Bảy Núi]]
Thông tin đơn vị hành chính Việt Nam,image5,1,1%,Phu quoc plage sao.jpg
Thông tin đơn vị hành chính Việt Nam,caption5,1,1%,Một góc [[đảo Phú Quốc]]
Thông tin đơn vị hành chính Việt Nam,image6,1,1%,Hòn Phụ Tử.jpg
Thông tin đơn vị hành chính Việt Nam,caption6,1,1%,[[Hòn Phụ Tử]]
Thông tin đơn vị hành chính Việt Nam,vĩ phút,1,1%,33
Thông tin đơn vị hành chính Việt Nam,vĩ giây,1,1%,56
Thông tin đơn vị hành chính Việt Nam,kinh phút,1,1%,59
Thông tin đơn vị hành chính Việt Nam,kinh giây,1,1%,25
Infobox,above,37,100%,Sa Đéc
Infobox,subheader,37,100%,[[Tỉnh (Việt Nam Cộng hòa)|Tỉnh]]
Infobox,image,37,100%,[[Tập tin:Sa Dec province map 1973.jpg|nhỏ|250px]]
Infobox,caption,37,100%,Bản đồ tỉnh Sa Đéc năm 1973
Infobox,label1,37,100%,Vị trí
Infobox,data1,37,100%,[[Việt Nam Cộng hòa]]
Infobox,label2,37,100%,Tỉnh lỵ
Infobox,data2,37,100%,[[Sa Đéc (thành phố)|thị xã Sa Đéc]]
Infobox,label3,37,100%,Phân chia hành chính
Infobox,data3,37,100%,"1 thị xã, 4 quận"
Infobox,label4,37,100%,Thành lập
Infobox,data4,37,100%,1/1/1900
Infobox,label5,37,100%,Giải thể
Infobox,data5,37,100%,"24/2/1976<ref name=""3/NQ/1976""/>"
Infobox,label6,34,92%,Tòa Hành chánh
Infobox,data6,34,92%,"Số 1 Tống Phước Hòa, xã Tân Vĩnh Hòa, quận Đức Thịnh"
Infobox,label7,26,70%,Diện tích
Infobox,data7,26,70%,"789,2 km²<ref name=ĐT/>"
Infobox,label8,24,65%,Dân số (1975)
Infobox,data8,23,62%,318.556 người<ref name=ĐT/>
Infobox,label9,3,8%,Mật độ dân số
Infobox,data9,3,8%,"{{formatnum:{{#expr:floor({{formatnum:318.556|R}}/{{formatnum:789,2|R}})}} }} ng"
Infobox,dat8,1,3%,{{formatnum:{{#expr:floor({{formatnum:214.912|R}}/{{formatnum:8.260|R}})}} }} ng
Infobox,image2,1,3%,[[Tập tin:Ba Ria Province.jpg|nhỏ|250px]]
Infobox,caption2,1,3%,Bản đồ tỉnh Bà Rịa năm 1890
Thông tin đơn vị quân sự Việt Nam,đơn vị,17,100%,Học viện Khoa học Quân sự (NQH)
Thông tin đơn vị quân sự Việt Nam,thành lập,17,100%,ngày 10 tháng 6 năm 1957
Thông tin đơn vị quân sự Việt Nam,chức năng,17,100%,Trung tâm hàng đầu đào tạo Ngoại ngữ và Quan hệ Quốc tế về Quốc phòng trong Quân
Thông tin đơn vị quân sự Việt Nam,quy mô,17,100%,2.000 người
Thông tin đơn vị quân sự Việt Nam,web,17,100%,http://hocvienhaiquan.edu.vn/
Thông tin đơn vị quân sự Việt Nam,hình,16,94%,Hoc-vien-khoa-hoc-quan-su.png
Thông tin đơn vị quân sự Việt Nam,bộ phận của,16,94%,[[Bộ Quốc phòng (Việt Nam)|Bộ Quốc phòng]]
Thông tin đơn vị quân sự Việt Nam,bộ chỉ huy,16,94%,"số 322E [[Lê Trọng Tấn]], [[Định Công]], [[Hoàng Mai (quận)|Hoàng Mai]], [[Hà Nộ"
Thông tin đơn vị quân sự Việt Nam,khẩu hiệu,16,94%,"""Chân đồng, vai sắt, đánh giỏi, bắn trúng"""
Thông tin đơn vị quân sự Việt Nam,thành tích,16,94%,{{Huân chương VN|Anh hùng Lực lượng vũ trang nhân dân|x2||Hồ Chí Minh||1|Độc lập
Thông tin đơn vị quân sự Việt Nam,kiểu chỉ huy 1,16,94%,Giám đốc
Thông tin đơn vị quân sự Việt Nam,trực thuộc,15,88%,"[[Tổng cục Tình báo, Quân đội nhân dân Việt Nam|Tổng cục Tình báo]], [[Bộ Quốc p"
Thông tin đơn vị quân sự Việt Nam,phân cấp,15,88%,Học viện (Nhóm 4)
Thông tin đơn vị quân sự Việt Nam,tên khác,15,88%,Trường Đại học Thông tin liên lạc ''(tên dân sự)''
Thông tin đơn vị quân sự Việt Nam,hành khúc,15,88%,Nơi này tình yêu tôi
Thông tin đơn vị quân sự Việt Nam,đặt tên theo,14,82%,"thứ tự thời gian:<br>
+ Năm 1966: Phân hiệu II Đại học Bách khoa<br>
+ Năm 1968:"
Thông tin đơn vị quân sự Việt Nam,chỉ huy nổi tiếng,14,82%,{{QH|đại tướng|[[Lê Trọng Tấn]]}} {{QH|thượng tướng|[[Hoàng Minh Thảo]]}} {{QH|t
Thông tin đơn vị quân sự Việt Nam,quân chủng,14,82%,Lục quân
Thông tin đơn vị quân sự Việt Nam,chỉ huy,13,76%,{{QH|Đại tá|Kiều Hữu Kiên }}
Thông tin đơn vị quân sự Việt Nam,kiểu chỉ huy 3,13,76%,Phó Hiệu Trưởng
Thông tin đơn vị quân sự Việt Nam,chỉ huy 3,13,76%,{{QH|đại tá|Phạm Quang Tạo}} {{QH|đại tá|Dương Đình Hồng}}                     {
Thông tin đơn vị quân sự Việt Nam,vinh danh,13,76%,{{HCVN|Anh hùng Lực lượng vũ trang nhân dân|1|1}}
Thông tin đơn vị quân sự Việt Nam,từ,12,71%,năm 2022
Thông tin đơn vị quân sự Việt Nam,lễ kỷ niệm,12,71%,ngày 10 tháng 06 hằng năm
Thông tin đơn vị quân sự Việt Nam,logo,12,71%,Haiquan.png
Thông tin đơn vị quân sự Việt Nam,địa chỉ,11,65%,"30, đường Trần Phú, phường [[Nha Trang (phường)|Nha Trang]], tỉnh [[Khánh Hòa]]"
Thông tin đơn vị quân sự Việt Nam,tư lệnh,11,65%,{{QH|Thiếu tướng|Trần Ngọc Trung}}
Thông tin đơn vị quân sự Việt Nam,chính ủy,11,65%,{{QH|Thiếu tướng|Nguyễn Đình Trung}}
Thông tin đơn vị quân sự Việt Nam,quân kỳ,10,59%,Vietnam People's Navy flag.svg
Thông tin đơn vị quân sự Việt Nam,trang bị,10,59%,
Thông tin đơn vị quân sự Việt Nam,tham chiến,10,59%,
Thông tin đơn vị quân sự Việt Nam,giải thể,9,53%,
Thông tin đơn vị quân sự Việt Nam,chú thích hình,8,47%,Biểu trưng của Học viện Khoa học Quân sự (MSA)
Thông tin đơn vị quân sự Việt Nam,điện thoại,8,47%,(+84) 034-838194
Thông tin đơn vị quân sự Việt Nam,cường kích,8,47%,
Thông tin đơn vị quân sự Việt Nam,ném bom,8,47%,
Thông tin đơn vị quân sự Việt Nam,tác chiến điện tử,8,47%,
Thông tin đơn vị quân sự Việt Nam,tiêm kích,8,47%,
Thông tin đơn vị quân sự Việt Nam,đánh chặn,8,47%,
Thông tin đơn vị quân sự Việt Nam,tuần tra,8,47%,
Thông tin đơn vị quân sự Việt Nam,do thám,8,47%,
Thông tin đơn vị quân sự Việt Nam,huấn luyện,8,47%,
Thông tin đơn vị quân sự Việt Nam,vận tải,8,47%,
Thông tin đơn vị quân sự Việt Nam,chỉ huy 2,7,41%,{{QH|trung tướng}} [[Nguyễn Bá Hùng]]
Thông tin đơn vị quân sự Việt Nam,kiểu chỉ huy 2,7,41%,Chính ủy
Thông tin đơn vị quân sự Việt Nam,binh chủng,7,41%,Pháo binh
Thông tin đơn vị quân sự Việt Nam,chỉ huy 1,6,35%,{{QH|Trung tướng}} [[Đặng Sỹ Lộc]]
Thông tin đơn vị quân sự Việt Nam,cỡ hình,2,12%,130px
Thông tin đơn vị quân sự Việt Nam,binh chủng 2,2,12%,Không quân vận tải
Thông tin đơn vị quân sự Việt Nam,quân hiệu,1,6%,
Thông tin đơn vị quân sự Việt Nam,chỉ huy nổi bật,1,6%,
Thông tin đơn vị quân sự Việt Nam,binh chủng 3,1,6%,Tiêm kích
Thông tin đơn vị quân sự Việt Nam,binh chủng 4,1,6%,Cường kích
Thông tin đơn vị quân sự Việt Nam,binh chủng 5,1,6%,Đổ bộ đường không
Thông tin đơn vị quân sự Việt Nam,country,1,6%,{{Lá cờ|Việt Nam}}
Thông tin đơn vị quân sự Việt Nam,allegiance,1,6%,[[Tập tin:Flag of Viet Nam Peoples Army.svg|23px]] [[Quân đội nhân dân Việt Nam]
Thông tin đơn vị quân sự Việt Nam,tên gọi,1,6%,Năm 1976: Học viện Quân sự cao cấp<br>Năm 1981: Học viện Quân sự cấp cao<br>Năm 
Thông tin đơn vị quân sự Việt Nam,tình trạng,1,6%,đang hoạt động
Thông tin đơn vị quân sự Việt Nam,kiểu chỉ huy 4,1,6%,Phó Chính ủy
Thông tin đơn vị quân sự Việt Nam,chỉ huy 4,1,6%,{{QH | Thiếu tướng | PGS.TS [[Nguyễn Văn Nam (sinh 1971)|Nguyễn Văn Nam]]}}
Thông tin đơn vị quân sự Việt Nam,biển số xe,1,6%,HH
Thông tin đơn vị quân sự Việt Nam,thông tin thêm,1,6%,
Thông tin đơn vị quân sự Việt Nam,kiểu thêm 1,1,6%,
Thông tin đơn vị quân sự Việt Nam,thêm 1,1,6%,
Thông tin đơn vị công an nhân dân Việt Nam,màu nền tựa,8,100%,#025023
Thông tin đơn vị công an nhân dân Việt Nam,trực thuộc,8,100%,[[Bộ Công an (Việt Nam)|Bộ Công an]]
Thông tin đơn vị công an nhân dân Việt Nam,hình,8,100%,Logo hoc vien chinh tri CAND.png
Thông tin đơn vị công an nhân dân Việt Nam,thành lập,8,100%,Ngày [[1 tháng 3]] năm [[2014]] ({{số năm theo năm và ngày|2014|3|1}})
Thông tin đơn vị công an nhân dân Việt Nam,chức năng,8,100%,"''Đào tạo, bồi dưỡng cán bộ có trình độ đại học, sau đại học, cán bộ lãnh đạo, c"
Thông tin đơn vị công an nhân dân Việt Nam,quy mô,8,100%,'''4.000 người'''
Thông tin đơn vị công an nhân dân Việt Nam,địa chỉ,8,100%,"[[Sóc Sơn]], [[Hà Nội]], {{VIE}}"
Thông tin đơn vị công an nhân dân Việt Nam,tên khác,8,100%,'''T03'''
Thông tin đơn vị công an nhân dân Việt Nam,hành khúc,8,100%,''Vinh quang Đại học Cảnh sát nhân dân''
Thông tin đơn vị công an nhân dân Việt Nam,lễ kỷ niệm,8,100%,Ngày [[25 tháng 4]]
Thông tin đơn vị công an nhân dân Việt Nam,vinh danh,8,100%,[[Tập_tin:Anh_hùng_LLVT.png|22px]] [[Anh hùng Lực lượng vũ trang nhân dân]]
Thông tin đơn vị công an nhân dân Việt Nam,thành tích,8,100%,{{HCVN|Quân công|1|1|Quân công|2|1|Quân công|3|1|Chiến công|1|1|Chiến công|3|1|B
Thông tin đơn vị công an nhân dân Việt Nam,giải thể,8,100%,[[18 tháng 9]] năm [[2026]] ({{số năm theo năm và ngày|1976|4|24|2026|9|18}})
Thông tin đơn vị công an nhân dân Việt Nam,web,8,100%,https://dhcsnd.edu.vn/
Thông tin đơn vị công an nhân dân Việt Nam,kiểu chỉ huy 1,8,100%,Giám đốc
Thông tin đơn vị công an nhân dân Việt Nam,chỉ huy 1,8,100%,{{QH|Trung tướng công an|[[PGS]].[[TS]]. [[Phan Xuân Tuy]]}}
Thông tin đơn vị công an nhân dân Việt Nam,kiểu chỉ huy 2,8,100%,Phó Giám đốc
Thông tin đơn vị công an nhân dân Việt Nam,chỉ huy 2,8,100%,{{QH|Thiếu tướng công an|TS Nguyễn Như Lôi}}<br/>{{QH|đại tá công an|TS Tống Văn
Thông tin đơn vị công an nhân dân Việt Nam,màu chữ tựa,7,88%,white
Thông tin đơn vị công an nhân dân Việt Nam,đơn vị,7,88%,Học viện Chính trị Công an nhân dân (T03)
Thông tin đơn vị công an nhân dân Việt Nam,quân kỳ,7,88%,Flag of the People's Public Security of Vietnam.svg
Thông tin đơn vị công an nhân dân Việt Nam,logo,7,88%,
Thông tin đơn vị công an nhân dân Việt Nam,phân cấp,7,88%,''Đại học Công lập''
Thông tin đơn vị công an nhân dân Việt Nam,bộ phận của,7,88%,[[Bộ Công an (Việt Nam)|Bộ Công an]]
Thông tin đơn vị công an nhân dân Việt Nam,đặt tên theo,7,88%,
Thông tin đơn vị công an nhân dân Việt Nam,khẩu hiệu,7,88%,
Thông tin đơn vị công an nhân dân Việt Nam,trang bị,7,88%,
Thông tin đơn vị công an nhân dân Việt Nam,tham chiến,7,88%,[[Chiến tranh Việt Nam]]
Thông tin đơn vị công an nhân dân Việt Nam,chỉ huy nổi tiếng,7,88%,
Thông tin đơn vị công an nhân dân Việt Nam,công an hiệu,7,88%,Vietnam Ministry of Public Security Logo.svg
Thông tin đơn vị công an nhân dân Việt Nam,cỡ hình,7,88%,250px
Thông tin đơn vị công an nhân dân Việt Nam,hiệu kỳ,6,75%,
Thông tin đơn vị công an nhân dân Việt Nam,chỉ huy,6,75%,
Thông tin đơn vị công an nhân dân Việt Nam,từ,6,75%,
Thông tin đơn vị công an nhân dân Việt Nam,quân chủng,6,75%,
Thông tin đơn vị công an nhân dân Việt Nam,bộ chỉ huy,6,75%,
Thông tin đơn vị công an nhân dân Việt Nam,tư lệnh,6,75%,
Thông tin đơn vị công an nhân dân Việt Nam,chính ủy,6,75%,
Thông tin đơn vị công an nhân dân Việt Nam,cường kích,6,75%,
Thông tin đơn vị công an nhân dân Việt Nam,ném bom,6,75%,
Thông tin đơn vị công an nhân dân Việt Nam,tác chiến điện tử,6,75%,
Thông tin đơn vị công an nhân dân Việt Nam,tiêm kích,6,75%,
Thông tin đơn vị công an nhân dân Việt Nam,đánh chặn,6,75%,
Thông tin đơn vị công an nhân dân Việt Nam,kiểu thêm 1,6,75%,
Thông tin đơn vị công an nhân dân Việt Nam,thêm 1,6,75%,
Thông tin đơn vị công an nhân dân Việt Nam,tuần tra,6,75%,
Thông tin đơn vị công an nhân dân Việt Nam,do thám,6,75%,
Thông tin đơn vị công an nhân dân Việt Nam,huấn luyện,6,75%,
Thông tin đơn vị công an nhân dân Việt Nam,vận tải,6,75%,
Thông tin đơn vị công an nhân dân Việt Nam,lực lượng,1,12%,
Thông tin đơn vị công an nhân dân Việt Nam,điện thoại,1,12%,
Thông tin đơn vị công an nhân dân Việt Nam,kiểu chỉ huy 3,1,12%,
Thông tin đơn vị công an nhân dân Việt Nam,chỉ huy 3,1,12%,
Thông tin đơn vị công an nhân dân Việt Nam,tên,1,12%,Học viện Cảnh sát nhân dân
Thông tin nhân vật,honorific_prefix,4,100%,"[[Giáo sư]], nhà nghiên cứu văn học"
Thông tin nhân vật,tên,4,100%,Lê Văn Lân
Thông tin nhân vật,ngày sinh,4,100%,{{năm sinh và tuổi|1941}}
Thông tin nhân vật,đảng phái,4,100%,{{CSVN}}
Thông tin nhân vật,module,4,100%,"{{Infobox
 | child = yes
 | title = 
 | decat = yes 
| label1=Học hàm
| data1= ["
Thông tin nhân vật,module2,4,100%,"{{Infobox
 | child = yes
 | title = <div style=""background-color:#D3D3D3; paddin"
Thông tin nhân vật,module3,4,100%,"<div style=""background-color:#D3D3D3; padding:4px;"">
'''Giải thưởng'''</div>
'''"
Thông tin nhân vật,honorific_suffix,3,75%,"<div style=""background-color:#D3D3D3; padding:4px;"">
'''Thông tin cá nhân'''</di"
Thông tin nhân vật,quốc tịch,3,75%,{{VIE}}
Thông tin nhân vật,năm hoạt động,3,75%,
Thông tin nhân vật,loại,3,75%,
Thông tin nhân vật,phong trào,3,75%,
Thông tin nhân vật,con cái,3,75%,
Thông tin nhân vật,người thân,3,75%,
Thông tin nhân vật,cư trú,3,75%,[[Hà Nội]]
Thông tin nhân vật,học vị,3,75%,[[Tiến sĩ]]
Thông tin nhân vật,nơi sinh,3,75%,[[Thanh Hóa]]
Thông tin nhân vật,module4,3,75%,"<div style=""background-color:#D3D3D3; padding:4px;"">
'''Danh hiệu học thuật'''</"
Thông tin nhân vật,tên khai sinh,2,50%,
Thông tin nhân vật,dân tộc,2,50%,
Thông tin nhân vật,công việc,2,50%,"[[nghiên cứu]], [[giảng dạy]]"
Thông tin nhân vật,tổ chức,2,50%,
Thông tin nhân vật,đại diện,2,50%,
Thông tin nhân vật,nổi tiếng,2,50%,
Thông tin nhân vật,chức vị,2,50%,
Thông tin nhân vật,mẹ,2,50%,
Thông tin nhân vật,ngày mất,2,50%,{{năm mất và tuổi|2017|1937}}
Thông tin nhân vật,nơi mất,2,50%,[[Thành phố Hồ Chí Minh]]
Thông tin nhân vật,tên gốc,1,25%,
Thông tin nhân vật,an táng,1,25%,
Thông tin nhân vật,đảng,1,25%,{{CSVN}}
Thông tin nhân vật,tưởng niệm,1,25%,
Thông tin nhân vật,nơi cư trú,1,25%,[[Hà Nội]]
Thông tin nhân vật,trường lớp,1,25%,[[Trường Đại học Tổng hợp Hà Nội]]
Thông tin nhân vật,nhiệm kỳ,1,25%,
Thông tin nhân vật,tiền nhiệm,1,25%,
Thông tin nhân vật,kế nhiệm,1,25%,
Thông tin nhân vật,bố,1,25%,
Thông tin nhân vật,giải thưởng,1,25%,
Thông tin nhân vật,honors,1,25%,[[Nhà giáo Nhân dân]]
Thông tin nhân vật,office,1,25%,
Thông tin nhân vật,term_start,1,25%,
Thông tin nhân vật,term_end,1,25%,
Thông tin nhân vật,alma mater,1,25%,[[Đại học Tổng hợp Hà Nội]]
Thông tin nhân vật,website,1,25%,[https://web.archive.org/web/20220804050935/http://hdgsnn.gov.vn/files/anhbaivie
Thông tin nhân vật,hình,1,25%,
Thông tin nhân vật,ghi chú hình,1,25%,
Thông tin nhân vật,honorific suffix,1,25%,"<div style=""background-color:#D3D3D3; padding:4px;"">
'''Thông tin cá nhân'''</di"
Thông tin nhân vật,quê quán,1,25%,
Thông tin nhân vật,data5,1,25%,"{{Hộp thông tin
  | child = yes
  | title =<hr style=""border: none; height: 0.7p"
Infobox military unit,unit_name,3,100%,Học viện Kỹ thuật và Công nghệ an ninh
Infobox military unit,image,3,100%,Logo Học viện Kỹ thuật và Công nghệ An ninh năm 2025.png
Infobox military unit,caption,3,100%,Logo Trường Đại học Trần Đại Nghĩa<br>Trang web chính thức: http://www.tdnu.edu.
Infobox military unit,dates,3,100%,[[8]]/[[9]]/[[1984]] ({{số năm theo năm và ngày|1984|9|8}})
Infobox military unit,country,3,100%,{{flag|Việt Nam}}
Infobox military unit,allegiance,3,100%,[[Tập tin:Flag of Viet Nam Peoples Army.svg|23px]] [[Công an nhân dân Việt Nam]]
Infobox military unit,type,3,100%,Học viện Công lập
Infobox military unit,role,3,100%,"Đào tạo cán bộ chuyên môn kỹ thuật nghiệp vụ và hậu cần có trình độ sau đại học,"
Infobox military unit,size,3,100%,'''''4.500 người'''''
Infobox military unit,command_structure,3,100%,[[Bộ Công an]]
Infobox military unit,garrison,3,100%,"Đường Lạc Long Quân, phường [[Thuận Thành (phường)|Thuận Thành]], thành phố [[Bắ"
Infobox military unit,commander1,3,100%,"{{QH|thiếu tướng công an|TS, [[Lê Minh Thảo]]}}"
Infobox military unit,commander1_label,3,100%,Giám đốc
Infobox military unit,commander2,3,100%,https://hvktcnan.bocongan.gov.vn
Infobox military unit,commander2_label,3,100%,Trang chủ
Infobox military unit,motto,3,100%,"''Học đi đôi với hành,''<br>''Lý luận gắn liền với thực tiễn''"
Infobox military unit,commander3,3,100%,{{QH|đại tá|Trần Văn Trung}}
Infobox military unit,commander3_label,3,100%,Phó Chính uỷ
Infobox military unit,identification_symbol_label,3,100%,Phù hiệu
Infobox military unit,identification_symbol,3,100%,[[Tập tin:Vietnam People's Army Technology.jpg|40px]]
Infobox military unit,nickname,3,100%,'''''T07'''''
Infobox military unit,march,3,100%,Bài hát truyền thống Nhà trường
Infobox military unit,patron,3,100%,"'''Thứ tự thời gian:'''<br>
<small>Năm 1975: Trường Sơ cấp kỹ thuật (B754)</smal"
Infobox military unit,branch,2,67%,
Infobox military unit,notable_commanders,2,67%,
Infobox military unit,commander4,2,67%,"Đại tá, TS Nguyễn Huy Hoàng"
Infobox military unit,commander4_label,2,67%,Phó Hiệu trưởng
Infobox military unit,decorations,2,67%,
Infobox military unit,anniversaries,2,67%,Ngày 9 tháng 8
Infobox military unit,website,1,33%,https://tdnu.edu.vn
Infobox military unit,commander5,1,33%,"Đại tá, ThS Đào Mạnh Cảnh"
Infobox military unit,commander5_label,1,33%,Phó Chính uỷ
Thông tin tổ chức,name,3,100%,"Viện Công nghệ Thông tin, Đại học Quốc gia Hà Nội"
Thông tin tổ chức,native_name,3,100%,Information Technology Institute
Thông tin tổ chức,image,3,100%,
Thông tin tổ chức,caption,3,100%,
Thông tin tổ chức,type,3,100%,[[Viện nghiên cứu|Viện nghiên cứu khoa học]]
Thông tin tổ chức,established,3,100%,{{Start date|2001|2|12}}
Thông tin tổ chức,founder,3,100%,ngày 12 tháng 2 năm 2001
Thông tin tổ chức,parent_organization,3,100%,[[Đại học Quốc gia Hà Nội]]
Thông tin tổ chức,director,3,100%,TS. Trịnh Thành Trung
Thông tin tổ chức,location,3,100%,"Nhà E3, 144 đường Xuân Thủy, Cầu Giấy, Hà Nội"
Thông tin tổ chức,website,3,100%,https://iti.vnu.edu.vn/
Thông tin bệnh viện,tên,2,100%,Bệnh viện Đại học Y Dược<br>Medical and Pharmaceutical University Hospital
Thông tin bệnh viện,tổ chức,2,100%,"'''[[Trường Đại học Y Dược, Đại học Quốc gia Hà Nội]]'''"
Thông tin bệnh viện,logo,2,100%,"Tập tin:Bệnh viện Đại học Y Dược, Đại học Quốc gia Hà Nội.jpg"
Thông tin bệnh viện,hình,2,100%,
Thông tin bệnh viện,chú thích logo,2,100%,"Hình ảnh Bệnh viện Đại học Y Dược, Đại học Quốc gia Hà Nội"
Thông tin bệnh viện,pushpin_map,2,100%,Hanoi
Thông tin bệnh viện,tên khác,2,100%,Bệnh viện Xây dựng ''(đến 17/5/2023)'' <br /> Trung tâm Y tế Xây dựng ''(trước 2
Thông tin bệnh viện,thành lập,2,100%,{{Ngày bắt đầu và tuổi|1990|04|20}}
Thông tin bệnh viện,loại,2,100%,Bệnh viện Đại học
Thông tin bệnh viện,funding,2,100%,công lập
Thông tin bệnh viện,đại học,2,100%,[[Đại học Quốc gia Hà Nội]]
Thông tin bệnh viện,giường,2,100%,870
Thông tin bệnh viện,coordinates,2,100%,"{{coord|20.9934847|105.7972922|format=dms|display=inline,title}}"
Thông tin bệnh viện,chú thích hình,2,100%,"Hình ảnh Bệnh viện Đại học Y Dược, Đại học Quốc gia Hà Nội (Cơ sở Hoàng Liệt)"
Thông tin bệnh viện,vị trí,2,100%,"'''Cơ sở''': Nguyễn Quý Đức, [[Thanh Xuân Bắc]], [[Thanh Xuân (quận)|Thanh Xuân]"
Thông tin bệnh viện,thành phố,2,100%,[[Hà Nội]]
Thông tin bệnh viện,quốc gia,2,100%,{{VNM}}
Thông tin bệnh viện,leader_title,2,100%,Giám đốc
Thông tin bệnh viện,leader_name,2,100%,Bùi Ngọc Minh
Thông tin bệnh viện,leader_title2,2,100%,
Thông tin bệnh viện,leader_name2,2,100%,
Thông tin bệnh viện,điện thoại,2,100%,+84 24 3553 3686
Thông tin bệnh viện,website,2,100%,{{url|https://mpuh.vn/}}
Thông tin viên chức,tiền tố,2,100%,[[Thạc sĩ]]
Thông tin viên chức,tên,2,100%,Nguyễn Bá Cảnh
Thông tin viên chức,hình,2,100%,
Thông tin viên chức,chức vụ,2,100%,[[File:Communist Party of Vietnam flag logo.svg|22px]]<br/>Phó trưởng Ban Thường
Thông tin viên chức,bắt đầu,2,100%,[[Tháng 8]] năm [[2017]]
Thông tin viên chức,kết thúc,2,100%,[[12 tháng 04]] năm [[2019]]<br> {{số năm theo năm và ngày|2017|8|1|2019|4|18}}
Thông tin viên chức,tiền nhiệm,2,100%,
Thông tin viên chức,kế nhiệm,2,100%,
Thông tin viên chức,chức vụ 2,2,100%,[[Tập tin: Emblem of Da Nang City.png|22px]]<br/>Đại biểu [[Hội đồng nhân dân th
Thông tin viên chức,bắt đầu 2,2,100%,[[Tháng 05]] năm [[2016]]
Thông tin viên chức,kết thúc 2,2,100%,[[11 tháng 07]] năm [[2019]] <br>{{số năm theo năm và ngày|2016|5|1|2019|4|18}}
Thông tin viên chức,trưởng chức vụ 2,2,100%,[[Chủ tịch Hội đồng nhân dân|Chủ tịch]]
Thông tin viên chức,trưởng viên chức 2,2,100%,[[Lương Nguyễn Minh Triết]]
Thông tin viên chức,chức vụ 3,2,100%,[[File:Communist Party of Vietnam flag logo.svg|22px]]<br/>Ủy viên [[Thành ủy Đà
Thông tin viên chức,bắt đầu 3,2,100%,[[Tháng 08]] năm [[2014]]
Thông tin viên chức,kết thúc 3,2,100%,[[12 tháng 04]] năm [[2019]]<br> {{số năm theo năm và ngày|2014|8|1|2019|4|12}}
Thông tin viên chức,trưởng chức vụ 3,2,100%,[[Bí thư Thành ủy (Việt Nam)|Bí thư Thành ủy]]
Thông tin viên chức,trưởng viên chức 3,2,100%,[[Trần Thọ]]<br>[[Nguyễn Xuân Anh]]<br>[[Trương Quang Nghĩa]]
Thông tin viên chức,chức vụ 4,2,100%,[[Tập tin:Huy Hiệu Đoàn.png|22px]]<br>Bí thư [[Đoàn TNCS Hồ Chí Minh|Thành Đoàn]
Thông tin viên chức,bắt đầu 4,2,100%,[[Tháng 02]] năm [[2013]]
Thông tin viên chức,kết thúc 4,2,100%,[[Tháng 08]] năm [[2017]] <br> {{số năm theo năm và ngày|2013|2|1|2017|8|1}}
Thông tin viên chức,tiền nhiệm 4,2,100%,[[Lương Nguyễn Minh Triết]]
Thông tin viên chức,kế nhiệm 4,2,100%,Nguyễn Duy Minh
Thông tin viên chức,chức vụ 5,2,100%,[[Tập tin:Huy Hiệu Đoàn.png|22px]]<br>Phó Bí thư Thường trực [[Đoàn TNCS Hồ Chí 
Thông tin viên chức,bắt đầu 5,2,100%,[[2011]]
Thông tin viên chức,kết thúc 5,2,100%,[[Tháng 02]] năm [[2013]] <br> {{số năm theo năm và ngày|2011|1|1|2013|2|1}}
Thông tin viên chức,trưởng chức vụ 5,2,100%,Bí thư
Thông tin viên chức,trưởng viên chức 5,2,100%,[[Lương Nguyễn Minh Triết]]
Thông tin viên chức,quốc tịch,2,100%,{{VIE}}
Thông tin viên chức,ngày sinh,2,100%,[[1983]] (41-42 tuổi)
Thông tin viên chức,nơi sinh,2,100%,"[[Hòa Tiến]], [[Hòa Vang (huyện)|Hòa Vang]], [[Quảng Nam – Đà Nẵng]], [[Việt Nam"
Thông tin viên chức,nghề nghiệp,2,100%,[[Chính trị gia]]
Thông tin viên chức,đảng,2,100%,{{CSVN}}
Thông tin viên chức,học vấn,2,100%,[[Thạc sĩ]] Quản trị Quốc tế<br>[[Cao cấp lí luận chính trị]]
Thông tin viên chức,giải thưởng,2,100%,
Thông tin viên chức,miêu tả,1,50%,
Thông tin viên chức,địa hạt,1,50%,
Thông tin viên chức,trưởng chức vụ,1,50%,Trưởng ban
Thông tin viên chức,trưởng viên chức,1,50%,Trần Văn Sơn
Thông tin viên chức,phó chức vụ,1,50%,
Thông tin viên chức,phó viên chức,1,50%,
Thông tin viên chức,chức vụ khác,1,50%,
Thông tin viên chức,thêm,1,50%,
Thông tin viên chức,tiền nhiệm 2,1,50%,
Thông tin viên chức,kế nhiệm 2,1,50%,
Thông tin viên chức,địa hạt 2,1,50%,
Thông tin viên chức,phó chức vụ 2,1,50%,
Thông tin viên chức,phó viên chức 2,1,50%,
Thông tin viên chức,chức vụ khác 2,1,50%,
Thông tin viên chức,thêm 2,1,50%,
Thông tin viên chức,tiền nhiệm 3,1,50%,
Thông tin viên chức,kế nhiệm 3,1,50%,
Thông tin viên chức,địa hạt 3,1,50%,
Thông tin viên chức,phó chức vụ 3,1,50%,
Thông tin viên chức,phó viên chức 3,1,50%,
Thông tin viên chức,chức vụ khác 3,1,50%,
Thông tin viên chức,thêm 3,1,50%,
Thông tin viên chức,địa hạt 4,1,50%,
Thông tin viên chức,trưởng chức vụ 4,1,50%,
Thông tin viên chức,trưởng viên chức 4,1,50%,
Thông tin viên chức,phó chức vụ 4,1,50%,
Thông tin viên chức,phó viên chức 4,1,50%,
Thông tin viên chức,chức vụ khác 4,1,50%,
Thông tin viên chức,thêm 4,1,50%,
Thông tin viên chức,tiền nhiệm 5,1,50%,
Thông tin viên chức,kế nhiệm 5,1,50%,
Thông tin viên chức,địa hạt 5,1,50%,
Thông tin viên chức,ngày mất,1,50%,
Thông tin viên chức,nơi mất,1,50%,
Thông tin viên chức,nơi ở,1,50%,"Thành phố [[Đà Nẵng]], [[Việt Nam]]"
Thông tin viên chức,dân tộc,1,50%,[[Người Việt|Kinh]]
Thông tin viên chức,tôn giáo,1,50%,[[Không tôn giáo|Không]]
Thông tin viên chức,ngày vào đảng,1,50%,
Thông tin viên chức,vợ,1,50%,
Thông tin viên chức,chồng,1,50%,
Thông tin viên chức,con,1,50%,
Thông tin viên chức,embed,1,50%,
Thông tin viên chức,cỡ hình,1,50%,
Thông tin viên chức,image_alt,1,50%,
Thông tin viên chức,viên chức khác,1,50%,
Thông tin viên chức,viên chức khác 2,1,50%,
Thông tin viên chức,viên chức khác 3,1,50%,
Thông tin viên chức,viên chức khác 4,1,50%,
Thông tin viên chức,viên chức khác 5,1,50%,
Thông tin viên chức,viên chức khác 6,1,50%,
Thông tin viên chức,viên chức khác 7,1,50%,
Thông tin viên chức,viên chức khác 8,1,50%,
Thông tin viên chức,viên chức khác 9,1,50%,
Thông tin viên chức,viên chức khác 10,1,50%,
Thông tin viên chức,viên chức khác 11,1,50%,
Thông tin viên chức,viên chức khác 12,1,50%,
Thông tin viên chức,đa số,1,50%,
Thông tin viên chức,danh hiệu,1,50%,
Thông tin viên chức,nguyên nhân mất,1,50%,
Thông tin viên chức,đảng khác,1,50%,
Thông tin viên chức,họ hàng,1,50%,Nguyễn Thị Hoài An (em gái)
Thông tin viên chức,cha,1,50%,[[Nguyễn Bá Thanh]]
Thông tin viên chức,mẹ,1,50%,Lê Thị Quý
Thông tin viên chức,bố mẹ,1,50%,
Thông tin viên chức,phối ngẫu,1,50%,
Thông tin viên chức,kết hợp dân sự,1,50%,
Thông tin viên chức,người bạn đời,1,50%,
Thông tin viên chức,học trường,1,50%,"[[Trường Trung học phổ thông Phan Châu Trinh, Đà Nẵng]]<br>[[Trường Đại học Kinh"
Thông tin viên chức,website,1,50%,
Thông tin viên chức,chữ ký,1,50%,
Thông tin viên chức,quê quán,1,50%,
Thông tin viên chức,phục vụ,1,50%,
Thông tin viên chức,thuộc,1,50%,
Thông tin viên chức,năm tại ngũ,1,50%,
Thông tin viên chức,cấp bậc,1,50%,
Thông tin viên chức,đơn vị,1,50%,
Thông tin viên chức,chỉ huy,1,50%,
Thông tin viên chức,tham chiến,1,50%,
Thông tin viên chức,khen thưởng,1,50%,
Thông tin viên chức,chú thích,1,50%,
Thông tin viên chức,honorific prefix,1,50%,
Thông tin viên chức,module,1,50%,"{{Infobox
 | child = yes
 | title = 
 | decat = yes
| label1 = Trường lớp
| data"
Thông tin viên chức,module2,1,50%,"{{Infobox
 | child = yes
 | title = <div style=""background-color:#E6E6FA;padding"
Thông tin viên chức,module3,1,50%,"{{Infobox
 | child = yes
 | title = <div style=""background-color:#E6E6FA;padding"
Infobox university,tên,1,50%,Trường Đại học Mỹ thuật Việt Nam
Infobox university,ngày thành lập,1,50%,{{start date and age|1924|10|27}}
Infobox university,người sáng lập,1,50%,[[Toàn quyền Đông Dương]]
Infobox university,quốc gia,1,50%,[[Việt Nam]]
Infobox university,thành phố,1,50%,[[Hà Nội]]
Infobox university,loại hình,1,50%,[[Đại học công lập]]
Infobox university,name,1,50%,Trường Đại học Xây dựng Hà Nội
Infobox university,native_name,1,50%,
Infobox university,image,1,50%,[[Tập tin:LOGO DHXD.png|150px]]
Infobox university,caption,1,50%,Logo Trường Đại học Xây dựng Hà Nội
Infobox university,former_name,1,50%,"Khoa Xây dựng, Trường [[Đại học Bách Khoa Hà Nội]]"
Infobox university,motto,1,50%,''Chất lượng – Hiệu quả – Phát triển – Hội nhập''
Infobox university,established,1,50%,[[8]]-[[8]]-[[1966]]
Infobox university,type,1,50%,Đại học công lập
Infobox university,rector,1,50%,[[PGS]].[[TS]]. Hoàng Tùng
Infobox university,vice_rector,1,50%,[[PGS]].[[TS]]. Phạm Xuân Anh<br> [[PGS]].[[TS]]. Nguyễn Hoàng Giang
Infobox university,students,1,50%,19.000 đại học<br>2.085 sau đại học
Infobox university,staff,1,50%,948
Infobox university,city,1,50%,[[Hà Nội]]
Infobox university,country,1,50%,[[Việt Nam]]
Infobox university,coordinates,1,50%,
Infobox university,campus,1,50%,"55 đường Giải Phóng, phường [[Bạch Mai]], [[Hà Nội]]"
Infobox university,colors,1,50%,{{Color box|#4169E1}} {{Color box|#FFFAFA}} [[Xanh dương]] và [[Trắng]]
Infobox university,website,1,50%,https://huce.edu.vn/
Infobox university,logo,1,50%,
Thông tin trường đại học,name,1,100%,Trường Đại học VinUni
Thông tin trường đại học,logo,1,100%,
Thông tin trường đại học,logo_size,1,100%,
Thông tin trường đại học,image,1,100%,Trường Đại học VinUni logo.png
Thông tin trường đại học,caption,1,100%,
Thông tin trường đại học,other_name,1,100%,VinUniversity
Thông tin trường đại học,motto,1,100%,
Thông tin trường đại học,mottoeng,1,100%,
Thông tin trường đại học,established,1,100%,{{start date and age|2019|12|17}}
Thông tin trường đại học,founder,1,100%,
Thông tin trường đại học,parent,1,100%,[[Tập đoàn Vingroup]]
Thông tin trường đại học,type,1,100%,[[Tư thục]] phi lợi nhuận
Thông tin trường đại học,affiliation,1,100%,{{hlist|[[Đại học Cornell]]|[[Đại học Pennsylvania]]|[[Học viện Công nghệ Georgi
Thông tin trường đại học,endowment,1,100%,9.300 tỉ đồng
Thông tin trường đại học,chairman,1,100%,Lê Mai Lan
Thông tin trường đại học,address,1,100%,"Vinhomes Ocean Park, [[Đa Tốn]], [[Gia Lâm (huyện)|Gia Lâm]]"
Thông tin trường đại học,city,1,100%,Hà Nội
Thông tin trường đại học,province,1,100%,
Thông tin trường đại học,country,1,100%,
Thông tin trường đại học,coordinates,1,100%,"{{Coord|20.989251|105.943573|display=inline,title}}"
Thông tin trường đại học,campus,1,100%,23 ha
Thông tin trường đại học,symbol,1,100%,
Thông tin trường đại học,website,1,100%,{{Official website|https://vinuni.edu.vn/vi/trang-chu/}}
Thông tin trường đại học,principal,1,100%,Tan Yap-Peng
Infobox Organization,trụ sở,1,100%,"Nhà A4, [[Học viện Chính trị Quốc gia Hồ Chí Minh]], 135 đường Nguyễn Phong Sắc,"
Infobox Organization,số nhân viên,1,100%,24
Infobox Organization,năm nhân viên,1,100%,2006
Infobox Organization,thành lập,1,100%,{{Ngày bắt đầu và tuổi|1987||}}
Infobox Organization,giải thưởng,1,100%,[[Huân chương Lao động]] hạng Ba (1991) <br /> [[Huân chương Lao động]] hạng Nhấ
Infobox Organization,tình trạng,1,100%,
Infobox Organization,tên lãnh đạo,1,100%,"[[Phó giáo sư|PGS]], [[Tiến sĩ|TS]] Lý Việt Quang<ref>{{Chú thích web| url=https"
Infobox Organization,td lãnh đạo,1,100%,Viện trưởng
Infobox Former Subdivision,conventional_long_name,1,100%,Đặc khu Vĩnh Linh
Infobox Former Subdivision,common_name,1,100%,Khu tự trị Việt Bắc
Infobox Former Subdivision,life_span,1,100%,1954&ndash;1975
Infobox Former Subdivision,p1,1,100%,Quảng Trị
Infobox Former Subdivision,flag_p1,1,100%,"Flag of France (1794&ndash;1815, 1830&ndash;1974).svg"
Infobox Former Subdivision,s1,1,100%,Bình Trị Thiên
Infobox Former Subdivision,flag_s1,1,100%,Flag of Vietnam.svg
Infobox Former Subdivision,image_flag,1,100%,Flag of North Vietnam (1955&ndash;1975).svg
Infobox Former Subdivision,flag,1,100%,Quốc kỳ Việt Nam Dân chủ Cộng hòa
Infobox Former Subdivision,image_coat,1,100%,Emblem of North Vietnam.svg
Infobox Former Subdivision,image_map,1,100%,North Vietnam Administrative Divisions.jpg
Infobox Former Subdivision,image_map_caption,1,100%,Đặc khu Vĩnh Linh (Vinh Linh Special Zone) trong lãnh thổ Việt Nam Dân chủ Cộng 
Infobox Former Subdivision,status_text,1,100%,Đặc khu của [[Việt Nam Dân chủ Cộng hòa]]
Infobox Former Subdivision,year_start,1,100%,1954
Infobox Former Subdivision,year_end,1,100%,1976
Infobox Former Subdivision,political_subdiv,1,100%,
Infobox Former Subdivision,capital,1,100%,Hồ Xá
Infobox Former Subdivision,native_name,1,100%,
Infobox Former Subdivision,native_name_lang,1,100%,
Infobox Former Subdivision,nation,1,100%,
Infobox Former Subdivision,subdivision,1,100%,
Infobox Former Subdivision,p5,1,100%,
Infobox Former Subdivision,border_p1,1,100%,Bình Trị Thiên
Infobox Former Subdivision,p2,1,100%,
Infobox Former Subdivision,flag_p2,1,100%,
Infobox Former Subdivision,border_p2,1,100%,
Infobox Former Subdivision,image_p2,1,100%,
Infobox Former Subdivision,flag_caption,1,100%,
Infobox Former Subdivision,image_s8,1,100%,
Infobox Former Subdivision,border_s8,1,100%,
Infobox Former Subdivision,flag_s8,1,100%,
Infobox Former Subdivision,border_s7,1,100%,
Infobox Former Subdivision,border_s6,1,100%,
Infobox Former Subdivision,flag_s6,1,100%,
Infobox Former Subdivision,image_s5,1,100%,
Infobox Former Subdivision,leader1,1,100%,Chủ tịch Khu vực Vĩnh Linh:<br>-Hoàng Đức Sản(1955-1962)<br>-Trần Đồng (1963-196
Infobox cơ quan Việt Nam,tên gọi cơ quan đảng cộng sản việt nam,1,100%,<big>Đảng uỷ Khu vực Vĩnh Linh</big> <br> Khu ủy Vĩnh Linh
Infobox cơ quan Việt Nam,tên gọi cơ quan đảng cộng sản việt nam 2,1,100%,<big>Việt Nam</big>
Infobox cơ quan Việt Nam,logo 1,1,100%,Communist Party of Vietnam flag.svg
Infobox cơ quan Việt Nam,logo 1 kích thước,1,100%,272px
Infobox cơ quan Việt Nam,logo 1 thuyết minh,1,100%,Đảng kỳ Đảng Cộng sản Việt Nam
Infobox cơ quan Việt Nam,tên gọi thành viên,1,100%,Ban chấp hành đảng ủy
Infobox cơ quan Việt Nam,chức vụ 1,1,100%,Bí thư đảng uỷ
Infobox cơ quan Việt Nam,thành viên 1,1,100%,Lê Thanh Liêm (5/1955-12/1955) <br> Hồ Sỹ Thản (12/1955-3/1959) <br> Trần Đồng (
Infobox cơ quan Việt Nam,chức vụ 2,1,100%,Phó bí thư đảng uỷ
Infobox cơ quan Việt Nam,thành viên 2,1,100%,Hoàng Đức Sản <br> Dương Tốn
Infobox cơ quan Việt Nam,chức vụ 3,1,100%,
Infobox cơ quan Việt Nam,thành viên 3,1,100%,
Infobox cơ quan Việt Nam,chức vụ 4,1,100%,
Infobox cơ quan Việt Nam,thành viên 4,1,100%,
Infobox cơ quan Việt Nam,chức vụ 5,1,100%,
Infobox cơ quan Việt Nam,thành viên 5,1,100%,
Infobox cơ quan Việt Nam,cơ quan chủ quản,1,100%,[[Ban chấp hành Trung ương Đảng Cộng sản Việt Nam]]<br>[[Bộ Chính trị Ban Chấp h
Infobox cơ quan Việt Nam,loại hình hình thành,1,100%,Cơ quan lãnh đạo [[Đảng Cộng sản Việt Nam|Đảng]]
Infobox cơ quan Việt Nam,kiểm tra kỷ luật,1,100%,Ban Kiểm tra Đảng ủy
Infobox cơ quan Việt Nam,loại 1,1,100%,
Infobox cơ quan Việt Nam,loại 2,1,100%,
Infobox cơ quan Việt Nam,loại 3,1,100%,
Infobox cơ quan Việt Nam,loại 4,1,100%,
Infobox cơ quan Việt Nam,loại 5,1,100%,
Infobox cơ quan Việt Nam,hạng 1,1,100%,
Infobox cơ quan Việt Nam,hạng 2,1,100%,
Infobox cơ quan Việt Nam,hạng 3,1,100%,
Infobox cơ quan Việt Nam,cấp hành chính,1,100%,Cấp tỉnh
Infobox cơ quan Việt Nam,khu vực 1,1,100%,"Trụ sở khu uỷ nay nằm tại hợp tác xã Nam Hồ, xã Vĩnh Nam (1955-1962).<br>
Hầm kh"
Infobox cơ quan Việt Nam,thời gian thành lập,1,100%,28/5/1955 <br> Giải thể: 24/2/1976
Infobox cơ quan Việt Nam,thời kỳ 1,1,100%,
Infobox cơ quan Việt Nam,tên gọi 1,1,100%,
Hộp thông tin,name,1,100%,Vũng Tàu – Côn Đảo
Hộp thông tin,title,1,100%,Vũng Tàu – Côn Đảo
Hộp thông tin,above,1,100%,Đặc khu Vũng Tàu – Côn Đảo
Hộp thông tin,headerstyle,1,100%,background:lightgrey
Hộp thông tin,header1,1,100%,Hành chính
Hộp thông tin,label2,1,100%,Vùng
Hộp thông tin,data2,1,100%,[[Đông Nam Bộ]]
Hộp thông tin,label3,1,100%,Phân chia hành chính
Hộp thông tin,data3,1,100%,"1 [[quận]], 11 [[phường]] và 1 [[xã]]"
Hộp thông tin,label4,1,100%,Thành lập
Hộp thông tin,data4,1,100%,"30 tháng 5, 1979"
Hộp thông tin,label5,1,100%,Giải thể
Hộp thông tin,data5,1,100%,"12 tháng 8, 1991"
Hộp thông tin,abovestyle,1,100%,background:lightgrey
Hộp thông tin,header6,1,100%,Tổ chức Lãnh đạo
Hộp thông tin,label7,1,100%,Bí thư Đặc khu ủy
Hộp thông tin,data7,1,100%,"Phạm Văn Hy<br />
Lê Quang Thành"
Hộp thông tin,image,1,100%,[[File:An oil rig offshore Vungtau.jpg|200px|centre]]
Hộp thông tin,caption,1,100%,Giàn khoan ở ngoài khơi Vũng Tàu
Infobox subdivision type,name,1,100%,Tỉnh của Việt Nam Cộng hòa
Infobox subdivision type,alt_name,1,100%,Tiểu khu
Infobox subdivision type,map,1,100%,"[[File:VietNamCongHoahanhchanh2.jpg|thumb|Vietnamese administration ROV]]
[[File"
Infobox subdivision type,category,1,100%,"{{plainlist|
*[[Cộng hòa|Cộng hòa lập hiến]] - [[Nhà nước đơn nhất|đơn nhất]] [["
Infobox subdivision type,territory,1,100%,[[Việt Nam Cộng hòa]]
Infobox subdivision type,start_date,1,100%,1955
Infobox subdivision type,end_date,1,100%,30 tháng 4 năm 1975
Infobox subdivision type,current_number,1,100%,35 tỉnh (năm 1955) <br/> 49 tỉnh (năm 1964) <br/> 44 tỉnh (năm 1974)
Infobox subdivision type,number_date,1,100%,
Infobox subdivision type,population_range,1,100%,25.155 ([[Quảng Đức (tỉnh)|Quảng Đức]]) – 1.332.872 ([[Thành phố Hồ Chí Minh|Đô 
Infobox subdivision type,area_range,1,100%,{{Convert|10552|km2|sqmi|order=flip|abbr=on}} ([[Đắk Lắk|Darlac]]) – {{Convert|5
Infobox subdivision type,government,1,100%,
Infobox subdivision type,subdivision,1,100%,"[[Quận]], [[xã]]"
Infobox giáo dục trong nước,country name,1,100%,"Đồng Tháp, Việt Nam"
Infobox giáo dục trong nước,agency,1,100%,Sở Giáo dục và Đào Tạo Tỉnh Đồng Tháp
Infobox giáo dục trong nước,primary languages,1,100%,Tiếng Việt
Infobox giáo dục trong nước,system type,1,100%,Giáo dục
Infobox giáo dục trong nước,enrollment year,1,100%,2025-2026
Infobox giáo dục trong nước,attainment year,1,100%,2025-2026
Infobox giáo dục trong nước,enroll primary,1,100%,
Infobox giáo dục trong nước,enroll secondary,1,100%,
Infobox giáo dục trong nước,leader names,1,100%,Lê Quang Trí
Infobox giáo dục trong nước,leader titles,1,100%,Giám đốc Sở
Infobox giáo dục trong nước,leader title 2,1,100%,Phó giám đốc Sở
Infobox giáo dục trong nước,leader names 2,1,100%,"Phó Giám đốc: Nguyễn Phương Toàn, Huỳnh Thị Phượng, Võ Văn Hiếu"
Infobox giáo dục trong nước,image,1,100%,
Infobox giáo dục trong nước,agency image,1,100%,
Infobox giáo dục trong nước,attain secondary,1,100%,
Infobox giáo dục trong nước,enroll total,1,100%,>660000
