tai_nguyen_vi,lop_cua_ta,lien_ket_en,diem,chi_tiet,vao_final,dung
vir:Bình_Trị_Thiên,vio:Tinh,http://dbpedia.org/resource/Bình_Trị_Thiên,1.000,name=1.00 type=1.00,1,
vir:Cao_Lạng,vio:Tinh,http://dbpedia.org/resource/Cao_Lang_province,1.000,name=1.00 type=1.00,1,
vir:Hải_Ninh_(tỉnh),vio:Tinh,http://dbpedia.org/resource/Bắc_Ninh_province,0.812,name=0.75 type=1.00,0,
vir:Học_viện_Công_nghệ_Bưu_chính_Viễn_thông,vio:HocVien,"http://dbpedia.org/resource/Posts_and_Telecommunications_Institute_of_Technology,_Ho_Chi_Minh_City",0.900,name=0.90,0,
vir:Học_viện_Hành_chính_và_Quản_trị_công,vio:HocVien,http://dbpedia.org/resource/National_Academy_of_Public_Administration_(Vietnam),1.000,name=1.00 year=1.00,1,
vir:Học_viện_Khoa_học_và_Công_nghệ,vio:HocVien,http://dbpedia.org/resource/Vietnam_Academy_of_Science_and_Technology,1.000,name=1.00,0,
vir:Long_Xuyên_(tỉnh),vio:Tinh,http://dbpedia.org/resource/An_Xuyên_province,0.833,name=0.78 type=1.00,0,
vir:Trường_Đại_học_Công_nghệ_Kỹ_thuật_Thành_phố_Hồ_Chí_Minh,vio:TruongDaiHoc,http://dbpedia.org/resource/Ho_Chi_Minh_City_University_of_Technology_and_Education,0.900,name=0.85 homepage=1.00 year=1.00,0,
vir:Trường_Đại_học_Công_nghệ_Thành_phố_Hồ_Chí_Minh,vio:TruongDaiHoc,http://dbpedia.org/resource/Ho_Chi_Minh_City_University_of_Foreign_Languages_and_Information_Technology,0.800,name=0.80,0,
"vir:Trường_Đại_học_Giáo_dục,_Đại_học_Quốc_gia_Hà_Nội",vio:TruongDaiHoc,http://dbpedia.org/resource/VNU_University_of_Languages_and_International_Studies__VNU_University_of_Languages_and_International_Stud__1,0.816,name=0.82,0,
"vir:Trường_Đại_học_Khoa_học_Sức_khỏe,_Đại_học_Quốc_gia_Thành_phố_Hồ_Chí_Minh",vio:TruongDaiHoc,http://dbpedia.org/resource/Ho_Chi_Minh_City_University_of_Science,0.846,name=0.92 year=0.00,0,
vir:Trường_Đại_học_Kinh_doanh_và_Công_nghệ_Hà_Nội,vio:TruongDaiHoc,http://dbpedia.org/resource/Hanoi_University_of_Science_and_Technology,0.791,name=0.86 year=0.00,0,
vir:Trường_Đại_học_Kiến_trúc_Thành_phố_Hồ_Chí_Minh,vio:TruongDaiHoc,http://dbpedia.org/resource/Ho_Chi_Minh_City_University_of_Architecture,0.950,name=1.00 homepage=1.00 geo=1.00 year=0.00,1,
vir:Trường_Đại_học_Sư_phạm_Hà_Nội_2,vio:TruongDaiHoc,http://dbpedia.org/resource/Hanoi_National_University_of_Education,0.938,name=0.93 year=1.00,0,
vir:Trường_Đại_học_Trần_Đại_Nghĩa,vio:TruongDaiHoc,http://dbpedia.org/resource/Trần_Đại_Nghĩa_High_School_for_the_Gifted,0.764,name=0.76,0,
vir:Trường_Đại_học_Tổng_hợp_Thành_phố_Hồ_Chí_Minh,vio:TruongDaiHoc,http://dbpedia.org/resource/Ho_Chi_Minh_City_University_of_Law,0.821,name=0.82,0,
vir:Trường_Đại_học_Y_Dược_Hải_Phòng,vio:TruongDaiHoc,http://dbpedia.org/resource/Hai_Phong_Medical_University,1.000,name=1.00 year=1.00,1,
vir:Trường_Đại_học_Y_Dược_Thành_phố_Hồ_Chí_Minh,vio:TruongDaiHoc,http://dbpedia.org/resource/Ho_Chi_Minh_City_Medicine_and_Pharmacy_University,1.000,name=1.00 homepage=1.00 year=1.00,1,
vir:Trường_Đại_học_Y_tế_Công_cộng,vio:TruongDaiHoc,http://dbpedia.org/resource/Hanoi_University_of_Public_Health,0.812,name=0.81,0,
