tai_nguyen_vi,lop_cua_ta,lien_ket_en,nhan_en,kieu_en,dung
vir:Trường_Đại_học_Y_Hà_Nội,vio:TruongDaiHoc,http://dbpedia.org/resource/Hanoi_Medical_University,Hanoi Medical University,dbo:University,
vir:Hà_Bắc_(tỉnh_Việt_Nam),vio:Tinh,http://dbpedia.org/resource/Hà_Bắc_province,Hà Bắc province,,
vir:Bình_Phước_(tỉnh),vio:Tinh,http://dbpedia.org/resource/Bình_Phước_province,Bình Phước province,dbo:Location dbo:Settlement,
vir:Đắk_Lắk,vio:Tinh,http://dbpedia.org/resource/Đắk_Lắk_province,Đắk Lắk province,dbo:AdministrativeRegion dbo:Location,
vir:Phú_Bổn,,http://dbpedia.org/resource/Phú_Bổn_province,Phú Bổn province,,
vir:Minh_Hải_(tỉnh),vio:Tinh,http://dbpedia.org/resource/Minh_Hải_province,Minh Hải province,,
vir:Long_An_(tỉnh),vio:Tinh,http://dbpedia.org/resource/Long_An_province,Long An province,dbo:Location dbo:Settlement,
vir:Hà_Tĩnh,vio:Tinh,http://dbpedia.org/resource/Hà_Tĩnh_province,Hà Tĩnh province,dbo:Location dbo:Settlement,
vir:Gò_Công_(tỉnh),,http://dbpedia.org/resource/Gò_Công_province,Gò Công province,,
vir:Tây_Ninh,vio:Tinh,http://dbpedia.org/resource/Tây_Ninh_province,Tây Ninh province,dbo:Location dbo:Settlement,
vir:Trường_Đại_học_Nông_Lâm_Thành_phố_Hồ_Chí_Minh,vio:TruongDaiHoc,http://dbpedia.org/resource/Ho_Chi_Minh_City_University_of_Agriculture_and_Forestry,Ho Chi Minh City University of Agriculture and Forestry,dbo:University,
"vir:Danh_sách_trường_đại_học,_học_viện_và_cao_đẳng_tại_Việt_Nam",,http://dbpedia.org/resource/List_of_universities_in_Vietnam,List of universities in Vietnam,,
vir:Trường_Đại_học_Tân_Tạo,vio:TruongDaiHoc,http://dbpedia.org/resource/Tân_Tạo_University,Tân Tạo University,dbo:University,
vir:Trường_Đại_học_Công_nghệ_Vạn_Xuân,vio:TruongDaiHoc,http://dbpedia.org/resource/Van_Xuan_University_of_Technology,Van Xuan University of Technology,dbo:University,
vir:Bình_Tuy,,http://dbpedia.org/resource/Bình_Tuy_province,Bình Tuy province,,
vir:Bình_Thuận_(tỉnh),vio:Tinh,http://dbpedia.org/resource/Bình_Thuận_province,Bình Thuận province,dbo:Location dbo:Settlement,
vir:Danh_sách_trường_đại_học_tại_Thành_phố_Hồ_Chí_Minh,,http://dbpedia.org/resource/List_of_universities_in_Ho_Chi_Minh_City,List of universities in Ho Chi Minh City,,
vir:Kon_Tum_(tỉnh),vio:Tinh,http://dbpedia.org/resource/Kon_Tum_province,Kon Tum province,dbo:Location dbo:Settlement,
vir:Lào_Cai,vio:Tinh,http://dbpedia.org/resource/Lào_Cai_province,Lào Cai province,dbo:Location dbo:Settlement,
vir:Trường_Đại_học_Lạc_Hồng,vio:TruongDaiHoc,http://dbpedia.org/resource/Lạc_Hồng_University,Lạc Hồng University,dbo:University,
vir:Trường_Đại_học_Vinh,vio:TruongDaiHoc,http://dbpedia.org/resource/Vinh_University,Vinh University,dbo:University,
vir:Định_Tường,,http://dbpedia.org/resource/Định_Tường_province,Định Tường province,,
vir:Trường_Đại_học_Quốc_tế_Hồng_Bàng,vio:TruongDaiHoc,http://dbpedia.org/resource/Hong_Bang_International_University,Hong Bang International University,dbo:University,
vir:Học_viện_Âm_nhạc_Quốc_gia_Việt_Nam,vio:HocVien,http://dbpedia.org/resource/Vietnam_National_Academy_of_Music,Vietnam National Academy of Music,dbo:University,
vir:Trường_Đại_học_Điện_lực,vio:TruongDaiHoc,http://dbpedia.org/resource/Electric_Power_University,Electric Power University,dbo:University,
vir:Đại_học_Huế,vio:DaiHocVung,http://dbpedia.org/resource/Huế_University,Huế University,dbo:University,
"vir:Trường_Đại_học_Công_nghệ_Thông_tin,_Đại_học_Quốc_gia_Thành_phố_Hồ_Chí_Minh",vio:TruongDaiHoc,http://dbpedia.org/resource/University_of_Information_Technology,University of Information Technology,dbo:University,
vir:Lai_Châu,vio:Tinh,http://dbpedia.org/resource/Lai_Châu_province,Lai Châu province,dbo:Location dbo:Settlement,
vir:Trường_Đại_học_Hoa_Sen,vio:TruongDaiHoc,http://dbpedia.org/resource/Hoa_Sen_University,Hoa Sen University,dbo:University,
vir:Trường_Đại_học_Tài_nguyên_và_Môi_trường_Hà_Nội,vio:TruongDaiHoc,http://dbpedia.org/resource/Hanoi_University_of_Natural_Resources_and_Environment,Hanoi University of Natural Resources and Environment,dbo:University,
vir:Phú_Thọ,vio:Tinh,http://dbpedia.org/resource/Phú_Thọ_province,Phú Thọ province,dbo:Location dbo:Settlement,
vir:An_Xuyên_(tỉnh),,http://dbpedia.org/resource/An_Xuyên_province,An Xuyên province,,
vir:Hải_Hưng_(tỉnh),vio:Tinh,http://dbpedia.org/resource/Hải_Hưng_province,Hải Hưng province,dbo:AdministrativeRegion dbo:Location,
vir:Đà_Nẵng,vio:ThanhPhoTrucThuocTrungUong,http://dbpedia.org/resource/Da_Nang,Da Nang,dbo:City dbo:Location dbo:Town,
vir:Thành_phố_Hồ_Chí_Minh,vio:ThanhPhoTrucThuocTrungUong,http://dbpedia.org/resource/Ho_Chi_Minh_City,Ho Chi Minh City,dbo:City dbo:Location dbo:Town,
vir:Đồng_Tháp,vio:Tinh,http://dbpedia.org/resource/Đồng_Tháp_province,Đồng Tháp province,dbo:AdministrativeRegion dbo:Location,
vir:Hải_Dương_(tỉnh),vio:Tinh,http://dbpedia.org/resource/Hải_Dương_province,Hải Dương province,dbo:Location dbo:Settlement,
vir:Vĩnh_Phúc_(tỉnh),vio:Tinh,http://dbpedia.org/resource/Vĩnh_Phúc_province,Vĩnh Phúc province,dbo:Location dbo:Settlement,
vir:Thanh_Hóa,vio:Tinh,http://dbpedia.org/resource/Thanh_Hóa_province,Thanh Hóa province,dbo:Location dbo:Settlement,
vir:Đại_học_Kinh_tế_Thành_phố_Hồ_Chí_Minh,vio:DaiHoc,http://dbpedia.org/resource/University_of_Economics_Ho_Chi_Minh_City,University of Economics Ho Chi Minh City,dbo:University,
vir:Yên_Bái_(tỉnh),vio:Tinh,http://dbpedia.org/resource/Yên_Bái_province,Yên Bái province,dbo:Location dbo:Settlement,
"vir:Trường_Quốc_tế,_Đại_học_Quốc_gia_Hà_Nội",,"http://dbpedia.org/resource/International_School,_Vietnam_National_University,_Hanoi","International School, Vietnam National University, Hanoi",dbo:University,
vir:Gia_Lai,vio:Tinh,http://dbpedia.org/resource/Gia_Lai_province,Gia Lai province,dbo:Location dbo:Settlement,
vir:Thừa_Thiên_Huế,vio:Tinh,http://dbpedia.org/resource/Thừa_Thiên_Huế_province,Thừa Thiên Huế province,dbo:City dbo:Location dbo:Town,
vir:Thành_phố_trực_thuộc_trung_ương_(Việt_Nam),,http://dbpedia.org/resource/Municipalities_of_Vietnam,Municipalities of Vietnam,,
vir:Nhạc_viện_Thành_phố_Hồ_Chí_Minh,,http://dbpedia.org/resource/Conservatory_of_Ho_Chi_Minh_City,Conservatory of Ho Chi Minh City,dbo:University,
vir:Bắc_Giang_(tỉnh),vio:Tinh,http://dbpedia.org/resource/Bắc_Giang_province,Bắc Giang province,dbo:Location dbo:Settlement,
vir:Trường_Đại_học_Hùng_Vương,vio:TruongDaiHoc,http://dbpedia.org/resource/Hung_Vuong_University,Hung Vuong University,dbo:University,
vir:Trường_Đại_học_Ngân_hàng_Thành_phố_Hồ_Chí_Minh,vio:TruongDaiHoc,http://dbpedia.org/resource/Ho_Chi_Minh_University_of_Banking,Ho Chi Minh University of Banking,dbo:University,
vir:Hà_Nội,vio:ThanhPhoTrucThuocTrungUong,http://dbpedia.org/resource/Hanoi,Hanoi,dbo:City dbo:Location dbo:Town,
